MgH,24Mg-1H,XAB,10.1093/mnras/stac371,0,,,,,,,,,,,,,,,,,,,,,,,,,,,,,,,
ID,E,gtot,J,unc,tau,gfactor,dcs:+/-,dcs:e/f,dcs:ElecState,dcs:v,dcs:Lambda,dcs:Sigma,dcs:Omega,Auxiliary:SourceType,Auxiliary:Ecal,,,,,,,,,,,,,,,,,,,,
1,0,4,0.5,0.000001,Inf,2.00231,+,e,X(2SIGMA+),0,0,0.5,0.5,Ma,0,,,,,,,,,,,,,,,,,,,,
ID ,E,gtot,J,unc,tau,gfactor,+/-,e/f,ElecState,v,Lambda,Sigma,Omega,SourceType,Ecal,,,,,,,,,,,,,,,,,,,,
MgH,25Mg-1H,XAB,10.1093/mnras/stac371,0,,,,,,,,,,,,,,,,,,,,,,,,,,,,,,,
ID,E,gtot,J,unc,tau,gfactor,dcs:+/-,dcs:e/f,dcs:ElecState,dcs:v,dcs:Lambda,dcs:Sigma,dcs:Omega,Auxiliary:SourceType,Auxiliary:Ecal,,,,,,,,,,,,,,,,,,,,
1,0,24,0.5,0.000001,Inf,2.00231,+,e,X(2SIGMA+),0,0,0.5,0.5,Ma,0,,,,,,,,,,,,,,,,,,,,
ID ,E,gtot,J,unc,tau,gfactor,+/-,e/f,ElecState,v,Lambda,Sigma,Omega,SourceType,Ecal,,,,,,,,,,,,,,,,,,,,
MgH,26Mg-1H,XAB,10.1093/mnras/stac371,0,,,,,,,,,,,,,,,,,,,,,,,,,,,,,,,
ID,E,gtot,J,unc,tau,gfactor,dcs:+/-,dcs:e/f,dcs:ElecState,dcs:v,dcs:Lambda,dcs:Sigma,dcs:Omega,Auxiliary:SourceType,Auxiliary:Ecal,,,,,,,,,,,,,,,,,,,,
1,0,4,0.5,0.000001,Inf,2.00231,+,e,X(2SIGMA+),0,0,0.5,0.5,Ma,0,,,,,,,,,,,,,,,,,,,,
ID ,E,gtot,J,unc,tau,gfactor,+/-,e/f,ElecState,v,Lambda,Sigma,Omega,SourceType,Ecal,,,,,,,,,,,,,,,,,,,,
NaH,23Na-1H,Rivlin,10.5281/zenodo.5363263,1,,,,,,,,,,,,,,,,,,,,,,,,,,,,,,,
StateID,E,g_tot,J,tau,dcs:electronic_state,dcs:v,,,,,,,,,,,,,,,,,,,,,,,,,,,,,
1,0,8,0,inf,X(1SIGMA+),0,,,,,,,,,,,,,,,,,,,,,,,,,,,,,
ID,E,gtot,J,ElecState,v,,,,,,,,,,,,,,,,,,,,,,,,,,,,,,
NaH,23Na-2H,Rivlin,10.5281/zenodo.5363271,1,,,,,,,,,,,,,,,,,,,,,,,,,,,,,,,
StateID,E,g_tot,J,tau,dcs:electronic_state,dcs:v,,,,,,,,,,,,,,,,,,,,,,,,,,,,,
1,0,12,0,inf,X(1SIGMA+),0,,,,,,,,,,,,,,,,,,,,,,,,,,,,,
ID,E,gtot,J,ElecState,v,,,,,,,,,,,,,,,,,,,,,,,,,,,,,,
AlH,27Al-1H,AloHa,10.1093/mnras/stad3802,1,,,,,,,,,,,,,,,,,,,,,,,,,,,,,,,
ID,E,gtot,J,unc,tau,gfactor,hunda:+/-,hunda:e/f,hunda:ElecState,hunda:v,hunda:Lambda,hunda:Sigma,hunda:Omega,Auxiliary:SourceType,Auxiliary:Ecal,,,,,,,,,,,,,,,,,,,,
1,0,12,0,0.000001,Inf,0,+,e,X(1SIGMA+),0,0,0,0,Ma,0,,,,,,,,,,,,,,,,,,,,
ID,E,gtot,J,unc,tau,+/-,e/f,ElecState,v,Lambda,Sigma,Omega,SourceType,Ecal,,,,,,,,,,,,,,,,,,,,,
AlH,27Al-2H,AloHa,10.1093/mnras/stad3802,1,,,,,,,,,,,,,,,,,,,,,,,,,,,,,,,
ID,E,gtot,J,unc,hunda:+/-,hunda:e/f,hunda:ElecState,hunda:v,hunda:Lambda,hunda:Sigma,hunda:Omega,,,,,,,,,,,,,,,,,,,,,,,,
1,0,18,0,0,+,e,X(1SIGMA+),0,0,0,0,,,,,,,,,,,,,,,,,,,,,,,,
ID,E,gtot,J,unc,tau,+/-,e/f,ElecState,v,Lambda,Sigma,Omega,SourceType,Ecal,,,,,,,,,,,,,,,,,,,,,
CrH,52Cr-1H,MoLLIST,10.5281/zenodo.5362927,9,Missing tau and gf,,,,,,,,,,,,,,,,,,,,,,,,,,,,,,
StateID,E,g_tot,J,tau,gfactor,hands:v,hands:s,hands:par,hands:electronic_state,,,,,,,,,,,,,,,,,,,,,,,,,,
1,0,12,2.5,0,1,e,X(6SIGMA+),,,,,,,,,,,,,,,,,,,,,,,,,,,,
ID,E,gtot,J,v,s,par,ElecState,,,,,,,,,,,,,,,,,,,,,,,,,,,,
CaH,40Ca-1H,XAB,10.1093/mnras/stac371,0,,,,,,,,,,,,,,,,,,,,,,,,,,,,,,,
ID,E,gtot,J,unc,tau,gfactor,dcs:+/-,dcs:e/f,dcs:ElecState,dcs:v,dcs:Lambda,dcs:Sigma,dcs:Omega,Auxiliary:SourceType,Auxiliary:Ecal,,,,,,,,,,,,,,,,,,,,
1,0,4,0.5,0.000001,Inf,2.002313,+,e,X(2SIGMA+),0,0,0.5,0.5,Ma,0,,,,,,,,,,,,,,,,,,,,
ID ,E,gtot,J,unc,tau,gfactor,+/-,e/f,ElecState,v,Lambda,Sigma,Omega,SourceType,Ecal,,,,,,,,,,,,,,,,,,,,
BeH,9Be-1H,Darby-Lewis,10.5281/zenodo.5362917,0,,,,,,,,,,,,,,,,,,,,,,,,,,,,,,,
ID,E,gtot,J,unc,dcs:+/-,dcs:e/f,dcs:ElecState,dcs:v,dcs:Lambda,dcs:Sigma,dcs:Omega,Auxiliary:SourceType,Auxiliary:Ecal,,,,,,,,,,,,,,,,,,,,,,
1,0,16,0.5,0,+,e,X(2SIGMA+),0,0,0.5,0.5,Ma,0,,,,,,,,,,,,,,,,,,,,,,
ID,E,gtot,J,unc,+/-,e/f,ElecState,v,Lambda,Sigma,Omega,SourceType,Ecal,,,,,,,,,,,,,,,,,,,,,,
BeH,9Be-2H,Darby-Lewis,10.5281/zenodo.5362921,0,,,,,,,,,,,,,,,,,,,,,,,,,,,,,,,
ID,E,gtot,J,unc,dcs:+/-,dcs:e/f,dcs:ElecState,dcs:v,dcs:Lambda,dcs:Sigma,dcs:Omega,Auxiliary:SourceType,Auxiliary:Ecal,,,,,,,,,,,,,,,,,,,,,,
1,0,24,0.5,0,+,e,X(2SIGMA+),0,0,0.5,0.5,Ma,0,,,,,,,,,,,,,,,,,,,,,,
ID,E,gtot,J,unc,+/-,e/f,ElecState,v,Lambda,Sigma,Omega,SourceType,Ecal,,,,,,,,,,,,,,,,,,,,,,
BeH,9Be-3H,Darby-Lewis,10.5281/zenodo.5362923,0,,,,,,,,,,,,,,,,,,,,,,,,,,,,,,,
ID,E,gtot,J,unc,dcs:+/-,dcs:e/f,dcs:ElecState,dcs:v,dcs:Lambda,dcs:Sigma,dcs:Omega,Auxiliary:SourceType,Auxiliary:Ecal,,,,,,,,,,,,,,,,,,,,,,
1,0,16,0.5,0,+,e,X(2SIGMA+),0,0,0.5,0.5,Ma,0,,,,,,,,,,,,,,,,,,,,,,
ID,E,gtot,J,unc,+/-,e/f,ElecState,v,Lambda,Sigma,Omega,SourceType,Ecal,,,,,,,,,,,,,,,,,,,,,,
TiH,48Ti-1H,MoLLIST,10.5281/zenodo.5363278,3,,,,,,,,,,,,,,,,,,,,,,,,,,,,,,,
StateID,E,g_tot,J,hunda:v,hunda:Omega,hunda:e/f,hunda:par,hunda:electronic_state,,,,,,,,,,,,,,,,,,,,,,,,,,,
1,0,8,1.5,0,1.5,e,-,X(4PHI),,,,,,,,,,,,,,,,,,,,,,,,,,,
ID,E,gtot,J,v,Omega,e/f,+/-,ElecState,,,,,,,,,,,,,,,,,,,,,,,,,,,
FeH,56Fe-1H,MoLLIST,10.5281/zenodo.5362929,3,,,,,,,,,,,,,,,,,,,,,,,,,,,,,,,
StateID,E,g_tot,J,hunda:v,hunda:Omega,hunda:e/f,hunda:electronic_state,,,,,,,,,,,,,,,,,,,,,,,,,,,,
1,613.7,4,0.5,0,0.5,e,X(4DELTA),,,,,,,,,,,,,,,,,,,,,,,,,,,,
ID,E,gtot,J,v,Omega,par,ElecState,,,,,,,,,,,,,,,,,,,,,,,,,,,,
LiH,7Li-1H,CLT,10.5281/zenodo.5362931,4,Tau not in states file,,,,,,,,,,,,,,,,,,,,,,,,,,,,,,
StateID,E,g_tot,J,tau,dcs:v,,,,,,,,,,,,,,,,,,,,,,,,,,,,,,
1,0,8,0,0,,,,,,,,,,,,,,,,,,,,,,,,,,,,,,,
ID,E,gtot,J,v,,,,,,,,,,,,,,,,,,,,,,,,,,,,,,,
ScH,45Sc-1H,LYT,10.5281/zenodo.5363276,1,,,,,,,,,,,,,,,,,,,,,,,,,,,,,,,
StateID,E,g_tot,J,tau,hunda:+/-,hunda:e/f,hunda:electronic_state,hunda:v,hunda:Lambda,hunda:Sigma,hunda:Omega,,,,,,,,,,,,,,,,,,,,,,,,
1,0,16,0,inf,+,f,X1Sigma+,0,0,0,0,,,,,,,,,,,,,,,,,,,,,,,,
ID,E,gtot,J,+/-,e/f,ElecState,v,Lambda,Sigma,Omega,,,,,,,,,,,,,,,,,,,,,,,,,
NH,14N-1H,kNigHt,10.1093/mnras/stae1340,0,,,,,,,,,,,,,,,,,,,,,,,,,,,,,,,
ID,E,gtot,J,unc,tau,gfactor,dcs:+/-,dcs:e/f,dcs:ElecState,dcs:v,dcs:Lambda,dcs:N,dcs:F,Auxiliary:SourceType,Auxiliary:Ecal,,,,,,,,,,,,,,,,,,,,
1,31.570272,6,0,3.00E-06,1.29E+02,0.00E+00,+,e,X(3SIGMA-),0,0,1,3,Ma,31.570416,,,,,,,,,,,,,,,,,,,,
ID,E,gtot,J,unc,tau,gfactor,+/-,e/f,ElecState,v,Lambda,N,F,SourceType,Ecal,,,,,,,,,,,,,,,,,,,,
NH,14N-2H,kNigHt,10.1093/mnras/stae1340,0,,,,,,,,,,,,,,,,,,,,,,,,,,,,,,,
ID,E,gtot,J,unc,tau,gfactor,dcs:+/-,dcs:e/f,dcs:ElecState,dcs:v,dcs:Lambda,dcs:N,dcs:F,Auxiliary:SourceType,Auxiliary:Ecal,,,,,,,,,,,,,,,,,,,,
1,16.403307,9,0,3.00E-05,8.94E+02,0.00E+00,+,e,X(3SIGMA-),0,0,1,3,Ma,16.403451,,,,,,,,,,,,,,,,,,,,
ID,E,gtot,J,unc,tau,gfactor,+/-,e/f,ElecState,v,Lambda,N,F,SourceType,Ecal,,,,,,,,,,,,,,,,,,,,
NH,15N-1H,kNigHt,10.1093/mnras/stae1340,0,,,,,,,,,,,,,,,,,,,,,,,,,,,,,,,
ID,E,gtot,J,unc,tau,gfactor,dcs:+/-,dcs:e/f,dcs:ElecState,dcs:v,dcs:Lambda,dcs:N,dcs:F,Auxiliary:SourceType,Auxiliary:Ecal,,,,,,,,,,,,,,,,,,,,
1,31.425712,4,0,3.00E-05,1.31E+02,0.00E+00,+,e,X(3SIGMA-),0,0,1,3,Ma,31.425856,,,,,,,,,,,,,,,,,,,,
ID,E,gtot,J,unc,tau,gfactor,+/-,e/f,ElecState,v,Lambda,N,F,SourceType,Ecal,,,,,,,,,,,,,,,,,,,,
NH,15N-2H,kNigHt,10.1093/mnras/stae1340,0,,,,,,,,,,,,,,,,,,,,,,,,,,,,,,,
ID,E,gtot,J,unc,tau,gfactor,dcs:+/-,dcs:e/f,dcs:ElecState,dcs:v,dcs:Lambda,dcs:N,dcs:F,Auxiliary:SourceType,Auxiliary:Ecal,,,,,,,,,,,,,,,,,,,,
1,16.25737,6,0,3.00E-05,9.18E+02,0.00E+00,+,e,X(3SIGMA-),0,0,1,3,Ma,16.257514,,,,,,,,,,,,,,,,,,,,
ID,E,gtot,J,unc,tau,gfactor,+/-,e/f,ElecState,v,Lambda,N,F,SourceType,Ecal,,,,,,,,,,,,,,,,,,,,
CH,12C-1H,MoLLIST,10.5281/zenodo.5716692,5,,,,,,,,,,,,,,,,,,,,,,,,,,,,,,,
StateID,E,g_tot,J,hundb:v,hundb:N,hundb:Omega,hundb:e/f,hundb:electronic_state,,,,,,,,,,,,,,,,,,,,,,,,,,,
1,14.27603,4,0.5,0,0,e,B(2SIGMA-),,,,,,,,,,,,,,,,,,,,,,,,,,,,
ID,E,gtot,J,F,v,e/f,ElecState,,,,,,,,,,,,,,,,,,,,,,,,,,,,
CH,13C-1H,MoLLIST,10.5281/zenodo.5716694,5,,,,,,,,,,,,,,,,,,,,,,,,,,,,,,,
StateID,E,g_tot,J,hund:v,hund:N,hund:Omega,hund:e/f,hund:electronic_state,,,,,,,,,,,,,,,,,,,,,,,,,,,
1,0,8,0.5,0,e,0,X(2PI),,,,,,,,,,,,,,,,,,,,,,,,,,,,
ID,E,gtot,J,F,e/f,v,ElecState,,,,,,,,,,,,,,,,,,,,,,,,,,,,
OH,16O-1H,MYTHOS,10.1093/mnras/stae2803,6,,,,,,,,,,,,,,,,,,,,,,,,,,,,,,,
ID,E,gtot,J,unc,tau,gfactor,dcs:+/-,dcs:ElecState,dcs:v,dcs:Lambda,dcs:Sigma,dcs:Omega,Auxiliary:SourceType,Auxiliary:Ecal,,,,,,,,,,,,,,,,,,,,,
1,126.292196,4,0.5,0.001,2.86E+01,-0.000755,+,e,X2Pi,0,1,-0.5,0.5,Ma,126.252576,,,,,,,,,,,,,,,,,,,,
ID,E,gtot,J,unc,tau,gfactor,+/-,e/f,State,v,Lambda,Sigma,Omega,SourceType,Ecal,,,,,,,,,,,,,,,,,,,,
HCl,1H-35Cl,HITRAN-HCl,0.1016/j.jqsrt.2017.06.038,4,no readme file ,,,,,,,,,,,,,,,,,,,,,,,,,,,,,,
StateID,E,g_tot,J,dcs:v,dcs:electronic_state,,,,,,,,,,,,,,,,,,,,,,,,,,,,,,
1,0,8,0,0,,,,,,,,,,,,,,,,,,,,,,,,,,,,,,,
ID,E,gtot,J,v,,,,,,,,,,,,,,,,,,,,,,,,,,,,,,,
HCl,1H-37Cl,HITRAN-HCl,0.1016/j.jqsrt.2017.06.038,4,no readme file ,,,,,,,,,,,,,,,,,,,,,,,,,,,,,,
StateID,E,g_tot,J,dcs:v,dcs:electronic_state,,,,,,,,,,,,,,,,,,,,,,,,,,,,,,
1,0,8,0,0,,,,,,,,,,,,,,,,,,,,,,,,,,,,,,,
ID,E,gtot,J,v,,,,,,,,,,,,,,,,,,,,,,,,,,,,,,,
HCl,2H-35Cl,HITRAN-HCl,0.1016/j.jqsrt.2017.06.038,4,no readme file ,,,,,,,,,,,,,,,,,,,,,,,,,,,,,,
StateID,E,g_tot,J,dcs:v,dcs:electronic_state,,,,,,,,,,,,,,,,,,,,,,,,,,,,,,
1,0,12,0,0,,,,,,,,,,,,,,,,,,,,,,,,,,,,,,,
ID,E,gtot,J,v,,,,,,,,,,,,,,,,,,,,,,,,,,,,,,,
HCl,2H-37Cl,HITRAN-HCl,0.1016/j.jqsrt.2017.06.038,4,no readme file ,,,,,,,,,,,,,,,,,,,,,,,,,,,,,,
StateID,E,g_tot,J,dcs:v,dcs:electronic_state,,,,,,,,,,,,,,,,,,,,,,,,,,,,,,
1,0,12,0,0,,,,,,,,,,,,,,,,,,,,,,,,,,,,,,,
ID,E,gtot,J,v,,,,,,,,,,,,,,,,,,,,,,,,,,,,,,,
SiH,28Si-1H,SiGHTLY,10.5281/zenodo.5716715,0,,,,,,,,,,,,,,,,,,,,,,,,,,,,,,,
StateID,E,g_tot,J,tau,gfactor,hunda:+/-,hunda:e/f,hunda:electronic_state,hunda:v,hunda:Lambda,hunda:Sigma,hunda:Omega,,,,,,,,,,,,,,,,,,,,,,,
1,0,4,0.5,inf,-0.000721,+,e,X2Pi,0,1,-0.5,0.5,,,,,,,,,,,,,,,,,,,,,,,
ID,E,gtot,J,tau,gfactor,+/-,e/f,ElecState,v,Lambda,Sigma,Omega,,,,,,,,,,,,,,,,,,,,,,,
SiH,29Si-1H,SiGHTLY,10.5281/zenodo.5716719,0,,,,,,,,,,,,,,,,,,,,,,,,,,,,,,,
StateID,E,g_tot,J,tau,gfactor,hunda:+/-,hunda:e/f,hunda:electronic_state,hunda:v,hunda:Lambda,hunda:Sigma,hunda:Omega,,,,,,,,,,,,,,,,,,,,,,,
1,0,8,0.5,inf,-0.000721,+,e,X(2PI),0,1,-0.5,0.5,,,,,,,,,,,,,,,,,,,,,,,
ID,E,gtot,J,tau,gfactor,+/-,e/f,ElecState,v,Lambda,Sigma,Omega,,,,,,,,,,,,,,,,,,,,,,,
SiH,30Si-1H,SiGHTLY,10.5281/zenodo.5716721,0,,,,,,,,,,,,,,,,,,,,,,,,,,,,,,,
StateID,E,g_tot,J,tau,gfactor,hunda:+/-,hunda:e/f,hunda:electronic_state,hunda:v,hunda:Lambda,hunda:Sigma,hunda:Omega,,,,,,,,,,,,,,,,,,,,,,,
1,0,4,0.5,inf,-0.000721,+,e,X(2PI),0,1,-0.5,0.5,,,,,,,,,,,,,,,,,,,,,,,
ID,E,gtot,J,tau,gfactor,+/-,e/f,ElecState,v,Lambda,Sigma,Omega,,,,,,,,,,,,,,,,,,,,,,,
SiH,28Si-2H,SiGHTLY,10.5281/zenodo.5716717,0,,,,,,,,,,,,,,,,,,,,,,,,,,,,,,,
StateID,E,g_tot,J,tau,gfactor,hunda:+/-,hunda:e/f,hunda:electronic_state,hunda:v,hunda:Lambda,hunda:Sigma,hunda:Omega,,,,,,,,,,,,,,,,,,,,,,,
1,0,6,0.5,inf,-0.00072,+,e,X(2PI),0,1,-0.5,0.5,,,,,,,,,,,,,,,,,,,,,,,
ID,E,gtot,J,tau,gfactor,+/-,e/f,ElecState,v,Lambda,Sigma,Omega,,,,,,,,,,,,,,,,,,,,,,,
SH,32S-1H,GYT,10.5281/zenodo.5716705,0,,,,,,,,,,,,,,,,,,,,,,,,,,,,,,,
StateID,E,g_tot,J,tau,gfactor,hunda:+/-,hunda:e/f,hunda:electronic_state,hunda:v,hunda:Lambda,hunda:Sigma,hunda:Omega,,,,,,,,,,,,,,,,,,,,,,,
1,368.102109,4,0.5,6.96E+01,-0.000687,+,e,X2Pi,0,1,-0.5,0.5,,,,,,,,,,,,,,,,,,,,,,,
ID,E,gtot,J,tau,gfactor,+/-,e/f,ElecState,v,Lambda,Sigma,Omega,,,,,,,,,,,,,,,,,,,,,,,
SH,33S-1H,GYT,10.5281/zenodo.5716709,0,,,,,,,,,,,,,,,,,,,,,,,,,,,,,,,
StateID,E,g_tot,J,tau,gfactor,hunda:+/-,hunda:e/f,hunda:electronic_state,hunda:v,hunda:Lambda,hunda:Sigma,hunda:Omega,,,,,,,,,,,,,,,,,,,,,,,
1,368.109461,16,0.5,6.97E+01,-0.000687,+,e,X2Pi,0,1,-0.5,0.5,,,,,,,,,,,,,,,,,,,,,,,
ID,E,gtot,J,tau,gfactor,+/-,e/f,ElecState,v,Lambda,Sigma,Omega,,,,,,,,,,,,,,,,,,,,,,,
SH,34S-1H,GYT,10.5281/zenodo.5716711,0,,,,,,,,,,,,,,,,,,,,,,,,,,,,,,,
StateID,E,g_tot,J,tau,gfactor,hunda:+/-,hunda:e/f,hunda:electronic_state,hunda:v,hunda:Lambda,hunda:Sigma,hunda:Omega,,,,,,,,,,,,,,,,,,,,,,,
1,368.116361,4,0.5,6.98E+01,-0.000687,+,e,X2Pi,0,1,-0.5,0.5,,,,,,,,,,,,,,,,,,,,,,,
ID,E,gtot,J,tau,gfactor,+/-,e/f,ElecState,v,Lambda,Sigma,Omega,,,,,,,,,,,,,,,,,,,,,,,
SH,36S-1H,GYT,10.5281/zenodo.5716713,0,,,,,,,,,,,,,,,,,,,,,,,,,,,,,,,
StateID,E,g_tot,J,tau,gfactor,hunda:+/-,hunda:e/f,hunda:electronic_state,hunda:v,hunda:Lambda,hunda:Sigma,hunda:Omega,,,,,,,,,,,,,,,,,,,,,,,
1,368.129053,4,0.5,nan,-0.000687,+,e,X2Pi,0,1,-0.5,0.5,,,,,,,,,,,,,,,,,,,,,,,
ID,E,gtot,J,tau,gfactor,+/-,e/f,ElecState,v,Lambda,Sigma,Omega,,,,,,,,,,,,,,,,,,,,,,,
SH,32S-2H,GYT,10.5281/zenodo.5716707,0,,,,,,,,,,,,,,,,,,,,,,,,,,,,,,,
StateID,E,g_tot,J,tau,gfactor,hunda:+/-,hunda:e/f,hunda:electronic_state,hunda:v,hunda:Lambda,hunda:Sigma,hunda:Omega,,,,,,,,,,,,,,,,,,,,,,,
1,372.100466,6,0.5,2.04E+02,-0.000687,+,e,X2Pi,0,1,-0.5,0.5,,,,,,,,,,,,,,,,,,,,,,,
ID,E,gtot,J,tau,gfactor,+/-,e/f,ElecState,v,Lambda,Sigma,Omega,,,,,,,,,,,,,,,,,,,,,,,
HF,1H-19F,Coxon-Hajig,10.5281/zenodo.5716696,4,,,,,,,,,,,,,,,,,,,,,,,,,,,,,,,
StateID,E,g_tot,J,dcs:v,,,,,,,,,,,,,,,,,,,,,,,,,,,,,,,
1,0,4,0,0,,,,,,,,,,,,,,,,,,,,,,,,,,,,,,,
ID,E,gtot,J,v,,,,,,,,,,,,,,,,,,,,,,,,,,,,,,,
PH,31P-1H,LaTY,10.5281/zenodo.5716703,9,,,,,,,,,,,,,,,,,,,,,,,,,,,,,,,
StateID,E,g_tot,J,tau,gfactor,hundb:+/-,hundb:e/f,hundb:electronic_state,hundb:v,hundb:N,,,,,,,,,,,,,,,,,,,,,,,,,
1,14.11846,4,0,0,+,e,X3Sigma-,0,1,,,,,,,,,,,,,,,,,,,,,,,,,,
ID,E,gtot,J,gfactor,+/-,e/f,ElecState,v,N,,,,,,,,,,,,,,,,,,,,,,,,,,
HBr,1H-79Br,HITRAN-HBr,10.1016/j.jqsrt.2013.07.002,4,,,,,,,,,,,,,,,,,,,,,,,,,,,,,,,
ID,E,gtot,J,dcs:v,dcs:ElecState,,,,,,,,,,,,,,,,,,,,,,,,,,,,,,
1,0,8,0,0.001,0,,,,,,,,,,,,,,,,,,,,,,,,,,,,,,
ID,E,gtot,J,unc,v,,,,,,,,,,,,,,,,,,,,,,,,,,,,,,
VO,51V-16O,HyVO,10.1093/mnras/stae542,6,,,,,,,,,,,,,,,,,,,,,,,,,,,,,,,
ID,E,gtot,J,unc,tau,hunda:+/-,hunda:e/f,hunda:Ja,hunda:ElecState,hunda:v,hunda:Lambda,hunda:Sigma,hunda:Omega,Auxiliary:SourceType,Auxiliary:Ecal,,,,,,,,,,,,,,,,,,,,
1,10.764111,1,0,0.002646,1.29E+04,+,f,3.5,X(4SIGMA-),0,0,0.5,0.5,Ma,10.773921,,,,,,,,,,,,,,,,,,,,
ID,E,gtot,F,unc,tau,+/-,e/f,J,ElecState,v,Lambda,Sigma,Omega,SourceType,Ecal,,,,,,,,,,,,,,,,,,,,
AlO,27Al-16O,ATP,10.5281/zenodo.5716725,0,,,,,,,,,,,,,,,,,,,,,,,,,,,,,,,
ID,E,gtot,J,unc,tau,hunda:+/-,hunda:e/f,hunda:ElecState,hunda:v,hunda:Lambda,hunda:Sigma,hunda:Omega,Auxiliary:SourceType,,,,,,,,,,,,,,,,,,,,,,
1,0,12,0.5,0.000001,inf,+,e,X(2SIGMA+),0,0,0.5,0.5,EH,,,,,,,,,,,,,,,,,,,,,,
ID,E,gtot,J,unc,tau,+/-,e/f,ElecState,v,Lambda,Sigma,Omega,SourceType,,,,,,,,,,,,,,,,,,,,,,
AlO,26Al-16O,ATP,10.5281/zenodo.5716723,0,,,,,,,,,,,,,,,,,,,,,,,,,,,,,,,
ID,E,gtot,J,unc,tau,hunda:+/-,hunda:e/f,hunda:ElecState,hunda:v,hunda:Lambda,hunda:Sigma,hunda:Omega,Auxiliary:SourceType,,,,,,,,,,,,,,,,,,,,,,
1,0,22,0.5,0.000001,inf,+,e,X(2SIGMA+),0,0,0.5,0.5,PE,,,,,,,,,,,,,,,,,,,,,,
ID,E,gtot,J,unc,tau,+/-,e/f,ElecState,v,Lambda,Sigma,Omega,SourceType,,,,,,,,,,,,,,,,,,,,,,
AlO,27Al-17O,ATP,10.5281/zenodo.5716727,0,,,,,,,,,,,,,,,,,,,,,,,,,,,,,,,
ID,E,gtot,J,unc,tau,hunda:+/-,hunda:e/f,hunda:ElecState,hunda:v,hunda:Lambda,hunda:Sigma,hunda:Omega,Auxiliary:SourceType,,,,,,,,,,,,,,,,,,,,,,
1,0,72,0.5,0.000001,inf,+,e,X(2SIGMA+),0,0,0.5,0.5,PE,,,,,,,,,,,,,,,,,,,,,,
ID,E,gtot,J,unc,tau,+/-,e/f,ElecState,v,Lambda,Sigma,Omega,SourceType,,,,,,,,,,,,,,,,,,,,,,
AlO,27Al-18O,ATP,10.5281/zenodo.5716729,0,,,,,,,,,,,,,,,,,,,,,,,,,,,,,,,
ID,E,gtot,J,unc,tau,hunda:+/-,hunda:e/f,hunda:ElecState,hunda:v,hunda:Lambda,hunda:Sigma,hunda:Omega,Auxiliary:SourceType,,,,,,,,,,,,,,,,,,,,,,
1,0,12,0.5,0.000001,inf,+,e,X(2SIGMA+),0,0,0.5,0.5,PE,,,,,,,,,,,,,,,,,,,,,,
ID,E,gtot,J,unc,tau,+/-,e/f,ElecState,v,Lambda,Sigma,Omega,SourceType,,,,,,,,,,,,,,,,,,,,,,
YO,89Y-16O,BRYTS,10.1093/mnras/stad3225,0,,,,,,,,,,,,,,,,,,,,,,,,,,,,,,,
ID,E,gtot,J,unc,tau,gfactor,hunda:+/-,hunda:e/f,hunda:ElecState,hunda:v,hunda:Lambda,hunda:Sigma,hunda:Omega,Auxiliary:SourceType,Auxiliary:Ecal,,,,,,,,,,,,,,,,,,,,
1,0,4,0.5,0.000001,Inf,2.002204,+,e,X(2SIGMA+),0,0,0.5,0.5,Ma,0,,,,,,,,,,,,,,,,,,,,
ID,E,gtot,J,unc,tau,gfactor,+/-,e/f,ElecState,v,Lambda,Sigma,Omega,SourceType,Ecal,,,,,,,,,,,,,,,,,,,,
YO,89Y-18O,BRYTS,10.1093/mnras/stad3225,0,,,,,,,,,,,,,,,,,,,,,,,,,,,,,,,
ID,E,gtot,J,unc,tau,gfactor,hunda:+/-,hunda:e/f,hunda:ElecState,hunda:v,hunda:Lambda,hunda:Sigma,hunda:Omega,Auxiliary:SourceType,Auxiliary:Ecal,,,,,,,,,,,,,,,,,,,,
1,0,4,0.5,0.000001,Inf,2.002203,+,e,X(2SIGMA+),0,0,0.5,0.5,,,,,,,,,,,,,,,,,,,,,,
ID,E,gtot,J,unc,tau,gfactor,+/-,e/f,ElecState,v,Lambda,Sigma,Omega,SourceType,Ecal,,,,,,,,,,,,,,,,,,,,
YO,89Y-17O,BRYTS,10.1093/mnras/stad3225,0,,,,,,,,,,,,,,,,,,,,,,,,,,,,,,,
ID,E,gtot,J,unc,tau,gfactor,hunda:+/-,hunda:e/f,hunda:ElecState,hunda:v,hunda:Lambda,hunda:Sigma,hunda:Omega,Auxiliary:SourceType,Auxiliary:Ecal,,,,,,,,,,,,,,,,,,,,
1,0,4,0.5,0.000001,Inf,2.002203,+,e,X(2SIGMA+),0,0,0.5,0.5,,,,,,,,,,,,,,,,,,,,,,
ID,E,gtot,J,unc,tau,gfactor,+/-,e/f,ElecState,v,Lambda,Sigma,Omega,SourceType,Ecal,,,,,,,,,,,,,,,,,,,,
MgO,24Mg-16O,LiTY,10.5281/zenodo.5716733,6,"Likely unpublished marvel project; unc comes after J, tau and gfac switched.",,,,,,,,,,,,,,,,,,,,,,,,,,,,,,
StateID,E,g_tot,J,gfactor,hunda:+/-,hunda:e/f,hunda:electronic_state,hunda:v,hunda:Lambda,hunda:Sigma,hunda:Omega,,,,,,,,,,,,,,,,,,,,,,,,
1,0,1,0,0,NAN,0,1,e,X(1SIGMA+),0,0,0,0,Ma,0,,,,,,,,,,,,,,,,,,,,
ID,E,gtot,J,tau,gfactor,+/-,e/f,ElecState,v,Lambda,Sigma,Omega,,,,,,,,,,,,,,,,,,,,,,,
MgO,25Mg-16O,LiTY,10.5281/zenodo.5716740,6,Likely unpublished marvel project; unc comes after J instead of tau,,,,,,,,,,,,,,,,,,,,,,,,,,,,,,
StateID,E,g_tot,J,gfactor,hunda:+/-,hunda:e/f,hunda:electronic_state,hunda:v,hunda:Lambda,hunda:Sigma,hunda:Omega,,,,,,,,,,,,,,,,,,,,,,,,
1,0,6,0,0,0,+,e,X(1SIGMA+),0,0,0,0,IE,0,,,,,,,,,,,,,,,,,,,,,
ID,E,gtot,J,tau,gfactor,+/-,e/f,ElecState,v,Lambda,Sigma,Omega,,,,,,,,,,,,,,,,,,,,,,,
MgO,26Mg-16O,LiTY,10.5281/zenodo.5716742,6,Likely unpublished marvel project; unc comes after J instead of tau,,,,,,,,,,,,,,,,,,,,,,,,,,,,,,
StateID,E,g_tot,J,gfactor,hunda:+/-,hunda:e/f,hunda:electronic_state,hunda:v,hunda:Lambda,hunda:Sigma,hunda:Omega,,,,,,,,,,,,,,,,,,,,,,,,
1,0,1,0,0,0,+,e,X(1SIGMA+),0,0,0,0,IE,0,,,,,,,,,,,,,,,,,,,,,
ID,E,gtot,J,tau,gfactor,+/-,e/f,ElecState,v,Lambda,Sigma,Omega,,,,,,,,,,,,,,,,,,,,,,,
MgO,24Mg-17O,LiTY,10.5281/zenodo.5716735,6,Likely unpublished marvel project; unc comes after J instead of tau,,,,,,,,,,,,,,,,,,,,,,,,,,,,,,
StateID,E,g_tot,J,gfactor,hunda:+/-,hunda:e/f,hunda:electronic_state,hunda:v,hunda:Lambda,hunda:Sigma,hunda:Omega,,,,,,,,,,,,,,,,,,,,,,,,
1,0,6,0,0,0,+,e,X(1SIGMA+),0,0,0,0,IE,0,,,,,,,,,,,,,,,,,,,,,
ID,E,gtot,J,tau,gfactor,+/-,e/f,ElecState,v,Lambda,Sigma,Omega,,,,,,,,,,,,,,,,,,,,,,,
MgO,24Mg-18O,LiTY,10.5281/zenodo.5716737,6,Likely unpublished marvel project; unc comes after J instead of tau,,,,,,,,,,,,,,,,,,,,,,,,,,,,,,
StateID,E,g_tot,J,gfactor,hunda:+/-,hunda:e/f,hunda:electronic_state,hunda:v,hunda:Lambda,hunda:Sigma,hunda:Omega,,,,,,,,,,,,,,,,,,,,,,,,
1,0,1,0,0,0,+,e,X(1SIGMA+),0,0,0,0,IE,0,,,,,,,,,,,,,,,,,,,,,
ID,E,gtot,J,tau,gfactor,+/-,e/f,ElecState,v,Lambda,Sigma,Omega,,,,,,,,,,,,,,,,,,,,,,,
TiO,49Ti-16O,Toto,10.5281/zenodo.5716760,6,"Paper has no unc col, just missing SourceType in def",,,,,,,,,,,,,,,,,,,,,,,,,,,,,,
ID,E,gtot,J,unc,tau,gfactor,hunda:+/-,hunda:e/f,hunda:ElecState,hunda:v,hunda:Lambda,hunda:Sigma,hunda:Omega,Auxiliary:Ecal,,,,,,,,,,,,,,,,,,,,,
1,5661.875086,8,0,0.08236,7.61E+03,0,+,e,d(1SIGMA+),0,0,0,0,IE,5661.923143,,,,,,,,,,,,,,,,,,,,
ID,E,gtot,J,tau,gfactor,+/-,e/f,ElecState,v,Lambda,Sigma,Omega,Eduo,,,,,,,,,,,,,,,,,,,,,,
TiO,48Ti-16O,Toto,10.5281/zenodo.5716758,6,"Paper has no unc col, just missing SourceType in def",,,,,,,,,,,,,,,,,,,,,,,,,,,,,,
ID,E,gtot,J,unc,tau,gfactor,hunda:+/-,hunda:e/f,hunda:ElecState,hunda:v,hunda:Lambda,hunda:Sigma,hunda:Omega,Auxiliary:Ecal,Auxiliary:SourceType,,,,,,,,,,,,,,,,,,,,
1,5661.898155,1,0,0.04118,7.61E+03,0,+,e,d(1SIGMA+),0,0,0,0,Ma,5661.946212,,,,,,,,,,,,,,,,,,,,
ID,E,gtot,J,tau,gfactor,+/-,e/f,ElecState,v,Lambda,Sigma,Omega,Eduo,,,,,,,,,,,,,,,,,,,,,,
TiO,47Ti-16O,Toto,10.5281/zenodo.5716756,6,"Paper has no unc col, just missing SourceType in def",,,,,,,,,,,,,,,,,,,,,,,,,,,,,,
ID,E,gtot,J,unc,tau,gfactor,hunda:+/-,hunda:e/f,hunda:ElecState,hunda:v,hunda:Lambda,hunda:Sigma,hunda:Omega,Auxiliary:Ecal,,,,,,,,,,,,,,,,,,,,,
1,5661.922066,6,0,0.08236,7.61E+03,0,+,e,d(1SIGMA+),0,0,0,0,IE,5661.970123,,,,,,,,,,,,,,,,,,,,
ID,E,gtot,J,tau,gfactor,+/-,e/f,ElecState,v,Lambda,Sigma,Omega,Eduo,,,,,,,,,,,,,,,,,,,,,,
TiO,50Ti-16O,Toto,10.5281/zenodo.5716762,6,"Paper has no unc col, just missing SourceType in def",,,,,,,,,,,,,,,,,,,,,,,,,,,,,,
ID,E,gtot,J,unc,tau,gfactor,hunda:+/-,hunda:e/f,hunda:ElecState,hunda:v,hunda:Lambda,hunda:Sigma,hunda:Omega,Auxiliary:Ecal,,,,,,,,,,,,,,,,,,,,,
1,5661.852963,1,0,0.08236,7.62E+03,0,+,e,d(1SIGMA+),0,0,0,0,IE,5661.90102,,,,,,,,,,,,,,,,,,,,
ID,E,gtot,J,tau,gfactor,+/-,e/f,ElecState,v,Lambda,Sigma,Omega,Eduo,,,,,,,,,,,,,,,,,,,,,,
TiO,46Ti-16O,Toto,10.5281/zenodo.5716754,6,"Paper has no unc col, just missing SourceType in def",,,,,,,,,,,,,,,,,,,,,,,,,,,,,,
ID,E,gtot,J,unc,tau,gfactor,hunda:+/-,hunda:e/f,hunda:ElecState,hunda:v,hunda:Lambda,hunda:Sigma,hunda:Omega,Auxiliary:Ecal,,,,,,,,,,,,,,,,,,,,,
1,5661.947038,1,0,0.08236,7.60E+03,0,+,e,d(1SIGMA+),0,0,0,0,IE,5661.995095,,,,,,,,,,,,,,,,,,,,
ID,E,gtot,J,tau,gfactor,+/-,e/f,ElecState,v,Lambda,Sigma,Omega,Eduo,,,,,,,,,,,,,,,,,,,,,,
SiO,28Si-16O,SiOUVenIR,10.5281/zenodo.5910818,,0,,,,,,,,,,,,,,,,,,,,,,,,,,,,,,
ID,E,gtot,J,unc,tau,gfactor,dcs:+/-,dcs:e/f,dcs:ElecState,dcs:v,dcs:Lambda,dcs:Sigma,dcs:Omega,Auxiliary:SourceType,Auxiliary:Ecal,,,,,,,,,,,,,,,,,,,,
1,0,1,0,0.000001,Inf,0,+,e,X(1SIGMA+),0,0,0,0,Ma,0,,,,,,,,,,,,,,,,,,,,
ID,E,gtot,J,unc,tau,gfactor,+/-,e/f,ElecState,v,Lambda,Sigma,Omega,SourceType,Ecal,,,,,,,,,,,,,,,,,,,,
CaO,40Ca-16O,VBATHY,10.5281/zenodo.5716731,,0,Paper has old col labels,,,,,,,,,,,,,,,,,,,,,,,,,,,,,
StateID,E,g_tot,J,tau,hunda:+/-,hunda:e/f,hunda:electronic_state,dcs:v,dcs:Lambda,dcs:Sigma,dcs:Omega,Ecal,SourceType,,,,,,,,,,,,,,,,,,,,,,
1,0,1,0,Inf,+,f,X(1SIGMA+),0,0,0,0,0,Ma,,,,,,,,,,,,,,,,,,,,,,
ID,E,gtot,J,+/-,e/g,ElecState,v,Lambda,Sigma,Omega,,,,,,,,,,,,,,,,,,,,,,,,,
CaO,40Ca-16O,VBATHY,10.5281/zenodo.5716731,10,states file not found,,,,,,,,,,,,,,,,,,,,,,,,,,,,,,
StateID,E,g_tot,J,tau,hunda:+/-,hunda:e/f,hunda:electronic_state,dcs:v,dcs:Lambda,dcs:Sigma,dcs:Omega,Ecal,SourceType,,,,,,,,,,,,,,,,,,,,,,
404 Client Error: Not Found for url: https://exomol.com/db/CaO/40Ca-16O/VBATHY/40Ca-16O__VBATHY.abinitio.states.bz2,,,,,,,,,,,,,,,,,,,,,,,,,,,,,,,,,,,
,,,,,,,,,,,,,,,,,,,,,,,,,,,,,,,,,,,
NaO,23Na-16O,NaOUCMe,10.5281/zenodo.5910816,0,,,,,,,,,,,,,,,,,,,,,,,,,,,,,,,
ID,E,gtot,J,unc,tau,gfactor,hunda:+/-,hunda:e/f,hunda:ElecState,hunda:v,hunda:Lambda,hunda:Sigma,hunda:Omega,,,,,,,,,,,,,,,,,,,,,,
1,118.305519,8,0.5,0.003,5.15E+03,0.001493,+,e,X(2PI),0,1,-0.5,0.5,,,,,,,,,,,,,,,,,,,,,,
ID,E,gtot,J,unc,tau,gfactor,+/-,e/f,ElecState,v,Lambda,Sigma,Omega,,,,,,,,,,,,,,,,,,,,,,
LaO,139La-16O,BDL,10.3847/1538-4357/ace68a,4,I have no clue what the extra column is,,,,,,,,,,,,,,,,,,,,,,,,,,,,,,
StateID,E,g_tot,J,hunda:N,hunda:e/f,hunda:electronic_state,hunda:v,hunda:F1/F2/F3,,,,,,,,,,,,,,,,,,,,,,,,,,,
1,3.9521,1,0,3.5,3,e,X2Sigma+,0,F1,,,,,,,,,,,,,,,,,,,,,,,,,,
ID,E,gtot,J,,N,e/f,ElecState,v,F1/F2/F3,,,,,,,,,,,,,,,,,,,,,,,,,,
ZrO,90Zr-16O,ZorrO,https://doi.org/10.1093/mnras/stad2103,0,,,,,,,,,,,,,,,,,,,,,,,,,,,,,,,
ID,E,gtot,J,unc,tau,gfactor,hunda:+/-,hunda:e/f,hunda:ElecState,hunda:v,hunda:Lambda,hunda:Sigma,hunda:Omega,Auxiliary:SourceType,Auxiliary:Ecal,,,,,,,,,,,,,,,,,,,,
1,0,1,0,0,NAN,0,+,e,X(1SIGMA+),0,0,0,0,Ma,0,,,,,,,,,,,,,,,,,,,,
ID,E,gtot,J,unc,tau,gfactor,+/-,e/f,ElecState,v,Lambda,Sigma,Omega,SourceType,Ecal,,,,,,,,,,,,,,,,,,,,
ZrO,91Zr-16O,ZorrO,https://doi.org/10.1093/mnras/stad2103,0,,,,,,,,,,,,,,,,,,,,,,,,,,,,,,,
ID,E,gtot,J,unc,tau,gfactor,hunda:+/-,hunda:e/f,hunda:ElecState,hunda:v,hunda:Lambda,hunda:Sigma,hunda:Omega,Auxiliary:SourceType,Auxiliary:Ecal,,,,,,,,,,,,,,,,,,,,
1,0,6,0,0,NAN,0,+,e,X(1SIGMA+),0,0,0,0,Ma,0,,,,,,,,,,,,,,,,,,,,
ID,E,gtot,J,unc,tau,gfactor,+/-,e/f,ElecState,v,Lambda,Sigma,Omega,SourceType,Ecal,,,,,,,,,,,,,,,,,,,,
ZrO,92Zr-16O,ZorrO,https://doi.org/10.1093/mnras/stad2103,0,,,,,,,,,,,,,,,,,,,,,,,,,,,,,,,
ID,E,gtot,J,unc,tau,gfactor,hunda:+/-,hunda:e/f,hunda:ElecState,hunda:v,hunda:Lambda,hunda:Sigma,hunda:Omega,Auxiliary:SourceType,Auxiliary:Ecal,,,,,,,,,,,,,,,,,,,,
1,0,1,0,0,NAN,0,+,e,X(1SIGMA+),0,0,0,0,Ma,0,,,,,,,,,,,,,,,,,,,,
ID,E,gtot,J,unc,tau,gfactor,+/-,e/f,ElecState,v,Lambda,Sigma,Omega,SourceType,Ecal,,,,,,,,,,,,,,,,,,,,
ZrO,93Zr-16O,ZorrO,https://doi.org/10.1093/mnras/stad2103,0,,,,,,,,,,,,,,,,,,,,,,,,,,,,,,,
ID,E,gtot,J,unc,tau,gfactor,hunda:+/-,hunda:e/f,hunda:ElecState,hunda:v,hunda:Lambda,hunda:Sigma,hunda:Omega,Auxiliary:SourceType,Auxiliary:Ecal,,,,,,,,,,,,,,,,,,,,
1,0,6,0,0,NAN,0,+,e,X(1SIGMA+),0,0,0,0,Ma,0,,,,,,,,,,,,,,,,,,,,
ID,E,gtot,J,unc,tau,gfactor,+/-,e/f,ElecState,v,Lambda,Sigma,Omega,SourceType,Ecal,,,,,,,,,,,,,,,,,,,,
ZrO,94Zr-16O,ZorrO,https://doi.org/10.1093/mnras/stad2103,0,,,,,,,,,,,,,,,,,,,,,,,,,,,,,,,
ID,E,gtot,J,unc,tau,gfactor,hunda:+/-,hunda:e/f,hunda:ElecState,hunda:v,hunda:Lambda,hunda:Sigma,hunda:Omega,Auxiliary:SourceType,Auxiliary:Ecal,,,,,,,,,,,,,,,,,,,,
1,0,1,0,0,NAN,0,+,e,X(1SIGMA+),0,0,0,0,Ma,0,,,,,,,,,,,,,,,,,,,,
ID,E,gtot,J,unc,tau,gfactor,+/-,e/f,ElecState,v,Lambda,Sigma,Omega,SourceType,Ecal,,,,,,,,,,,,,,,,,,,,
ZrO,96Zr-16O,ZorrO,https://doi.org/10.1093/mnras/stad2103,0,,,,,,,,,,,,,,,,,,,,,,,,,,,,,,,
ID,E,gtot,J,unc,tau,gfactor,hunda:+/-,hunda:e/f,hunda:ElecState,hunda:v,hunda:Lambda,hunda:Sigma,hunda:Omega,Auxiliary:SourceType,Auxiliary:Ecal,,,,,,,,,,,,,,,,,,,,
1,0,1,0,0,NAN,0,+,e,X(1SIGMA+),0,0,0,0,Ma,0,,,,,,,,,,,,,,,,,,,,
ID,E,gtot,J,unc,tau,gfactor,+/-,e/f,ElecState,v,Lambda,Sigma,Omega,SourceType,Ecal,,,,,,,,,,,,,,,,,,,,
ScO,45Sc-16O,LPB,10.3847/1538-4357/ad7af1,4,Two parity columns,,,,,,,,,,,,,,,,,,,,,,,,,,,,,,
ID,E,gtot,J,unc,dcs:e/f,dcs:ElecState,dcs:v,dcs:Sigma,dcs:N,dcs:F,dcs:e/f,,,,,,,,,,,,,,,,,,,,,,,,
1,10.380031,1,0,0.001,e,X(2SIGMA+),0,3.5,4,F2,f,,,,,,,,,,,,,,,,,,,,,,,,
,,,,,,,,,,,,,,,,,,,,,,,,,,,,,,,,,,,
CO,12C-16O,Li2015,10.5281/zenodo.5716770,0,,,,,,,,,,,,,,,,,,,,,,,,,,,,,,,
StateID,E,g_tot,J,hundb:v,hundb:kp,,,,,,,,,,,,,,,,,,,,,,,,,,,,,,
1,0,1,0,0,e,,,,,,,,,,,,,,,,,,,,,,,,,,,,,,
ID,E,gtot,J,v,e/f,,,,,,,,,,,,,,,,,,,,,,,,,,,,,,
CO,13C-16O,Li2015,10.5281/zenodo.5716776,6,"Extra elecstate in def, not sure about last column in states",,,,,,,,,,,,,,,,,,,,,,,,,,,,,,
StateID,E,g_tot,J,hundb:electronic_state,hundb:v,hundb:kp,,,,,,,,,,,,,,,,,,,,,,,,,,,,,
1,0,2,0,0,e,52,,,,,,,,,,,,,,,,,,,,,,,,,,,,,
ID,E,gtot,J,v,e/f,,,,,,,,,,,,,,,,,,,,,,,,,,,,,,
CO,12C-18O,Li2015,10.5281/zenodo.5716774,6,"Extra elecstate in def, not sure about last column in states",,,,,,,,,,,,,,,,,,,,,,,,,,,,,,
StateID,E,g_tot,J,hundb:electronic_state,hundb:v,hundb:kp,,,,,,,,,,,,,,,,,,,,,,,,,,,,,
1,0,1,0,0,e,53,,,,,,,,,,,,,,,,,,,,,,,,,,,,,
ID,E,gtot,J,v,e/f,,,,,,,,,,,,,,,,,,,,,,,,,,,,,,
CO,12C-17O,Li2015,10.5281/zenodo.5722864,6,"Extra elecstate in def, not sure about last column in states",,,,,,,,,,,,,,,,,,,,,,,,,,,,,,
StateID,E,g_tot,J,hundb:electronic_state,hundb:v,hundb:kp,,,,,,,,,,,,,,,,,,,,,,,,,,,,,
1,0,2,0,0,e,54,,,,,,,,,,,,,,,,,,,,,,,,,,,,,
ID,E,gtot,J,v,e/f,,,,,,,,,,,,,,,,,,,,,,,,,,,,,,
CO,13C-18O,Li2015,10.5281/zenodo.5716780,6,"Extra elecstate in def, not sure about last column in states",,,,,,,,,,,,,,,,,,,,,,,,,,,,,,
StateID,E,g_tot,J,hundb:electronic_state,hundb:v,hundb:kp,,,,,,,,,,,,,,,,,,,,,,,,,,,,,
1,0,2,0,0,e,55,,,,,,,,,,,,,,,,,,,,,,,,,,,,,
ID,E,gtot,J,v,e/f,,,,,,,,,,,,,,,,,,,,,,,,,,,,,,
CO,13C-17O,Li2015,10.5281/zenodo.5716778,6,"Extra elecstate in def, not sure about last column in states",,,,,,,,,,,,,,,,,,,,,,,,,,,,,,
StateID,E,g_tot,J,hundb:electronic_state,hundb:v,hundb:kp,,,,,,,,,,,,,,,,,,,,,,,,,,,,,
1,0,12,0,0,e,56,,,,,,,,,,,,,,,,,,,,,,,,,,,,,
ID,E,gtot,J,v,e/f,,,,,,,,,,,,,,,,,,,,,,,,,,,,,,
NO,14N-16O,XABC,10.5281/zenodo.5716782,0,,,,,,,,,,,,,,,,,,,,,,,,,,,,,,,
ID,E,gtot,J,unc,tau,gfactor,hunda:+/-,hunda:e/f,hunda:ElecState,hunda:v,hunda:Lambda,hunda:Sigma,hunda:Omega,Auxiliary:SourceType,Auxiliary:Ecal,,,,,,,,,,,,,,,,,,,,
1,0,6,0.5,0.000105,Infinity,-0.000767,+,e,X(2PI),0,1,-0.5,0.5,EH,0,,,,,,,,,,,,,,,,,,,,
ID,E,gtot,J,unc,tau,gfactor,+/-,e/f,ElecState,v,Lambda,Sigma,Omega,SourceType,Ecal,,,,,,,,,,,,,,,,,,,,
SO,32S-16O,SOLIS,10.1093/mnras/stad3508,0,,,,,,,,,,,,,,,,,,,,,,,,,,,,,,,
ID,E,gtot,J,unc,tau,hunda:+/-,hunda:ElecState,hunda:v,hunda:Lambda,hunda:Sigma,hunda:Omega,Auxiliary:SourceType,Auxiliary:Ecal,,,,,,,,,,,,,,,,,,,,,,
1,0,1,0,0.000001,inf,+,X(3SIGMA-),0,0,0,0,Ma,0,,,,,,,,,,,,,,,,,,,,,,
ID,E,gtot,J,unc,tau,+/-,ElecState,v,Lambda,Sigma,Omega,SourceType,Ecal,,,,,,,,,,,,,,,,,,,,,,
PO,31P-16O,POPS,10.5281/zenodo.5716784,0,,,,,,,,,,,,,,,,,,,,,,,,,,,,,,,
StateID,E,g_tot,J,tau,gfactor,hunda:+/-,hunda:e/f,hunda:electronic_state,hunda:v,hunda:Lambda,hunda:Sigma,hunda:Omega,,,,,,,,,,,,,,,,,,,,,,,
1,0,4,0.5,inf,-0.000767,+,e,X2Pi,0,1,-0.5,0.5,,,,,,,,,,,,,,,,,,,,,,,
ID,E,gtot,J,tau,gfactor,+/-,e/f,ElecState,v,Lambda,Sigma,Omega,,,,,,,,,,,,,,,,,,,,,,,
LiH+,7Li-1H_p,CLT,10.1111/j.1365-2966.2011.18723.x,4,readme file is consistent with def,,,,,,,,,,,,,,,,,,,,,,,,,,,,,,
StateID,E,g_tot,J,dcs:v,,,,,,,,,,,,,,,,,,,,,,,,,,,,,,,
1,7.4988,48,1,0,,,,,,,,,,,,,,,,,,,,,,,,,,,,,,,
ID,E,gtot,J,v,,,,,,,,,,,,,,,,,,,,,,,,,,,,,,,
H2+,1H-2H_p,ADJSAAM,10.3847/1538-4357/ab1f65,4,unsure about last col,,,,,,,,,,,,,,,,,,,,,,,,,,,,,,
StateID,E,g_tot,J,dcs:v,,,,,,,,,,,,,,,,,,,,,,,,,,,,,,,
1,0,12,0,0,b,,,,,,,,,,,,,,,,,,,,,,,,,,,,,,
ID,E,gtot,J,v,,,,,,,,,,,,,,,,,,,,,,,,,,,,,,,
HeH+,4He-1H_p,ADJSAAM,10.3847/1538-4357/ab1f65,4,"extra tau in def, unsure about last col",,,,,,,,,,,,,,,,,,,,,,,,,,,,,,
StateID,E,g_tot,J,tau,dcs:v,dcs:q/qs,,,,,,,,,,,,,,,,,,,,,,,,,,,,,
1,0,4,0,0,b,,,,,,,,,,,,,,,,,,,,,,,,,,,,,,
ID,E,gtot,J,v,,,,,,,,,,,,,,,,,,,,,,,,,,,,,,,
HeH+,3He-1H_p,ADJSAAM,10.3847/1538-4357/ab1f65,4,"extra tau in def, unsure about last col",,,,,,,,,,,,,,,,,,,,,,,,,,,,,,
StateID,E,g_tot,J,tau,dcs:v,dcs:q/qs,,,,,,,,,,,,,,,,,,,,,,,,,,,,,
1,0,8,0,0,b,,,,,,,,,,,,,,,,,,,,,,,,,,,,,,
ID,E,gtot,J,v,,,,,,,,,,,,,,,,,,,,,,,,,,,,,,,
HeH+,4He-2H_p,ADJSAAM,10.3847/1538-4357/ab1f65,4,looks consistent,,,,,,,,,,,,,,,,,,,,,,,,,,,,,,
StateID,E,g_tot,J,dcs:v,dcs:q/qs,,,,,,,,,,,,,,,,,,,,,,,,,,,,,,
1,0,6,0,0,b,,,,,,,,,,,,,,,,,,,,,,,,,,,,,,
ID,E,gtot,J,v,,,,,,,,,,,,,,,,,,,,,,,,,,,,,,,
HeH+,3He-2H_p,ADJSAAM,10.3847/1538-4357/ab1f65,4,"extra tau in def, unsure about last col",,,,,,,,,,,,,,,,,,,,,,,,,,,,,,
StateID,E,g_tot,J,tau,dcs:v,dcs:q/qs,,,,,,,,,,,,,,,,,,,,,,,,,,,,,
1,0,12,0,0,b,,,,,,,,,,,,,,,,,,,,,,,,,,,,,,
ID,E,gtot,J,v,,,,,,,,,,,,,,,,,,,,,,,,,,,,,,,
H3+,1H3_p,MiZATeP,https://doi.org/10.1093/mnras/stad050,0,"Probably better to use num rather than ""N""",,,,,,,,,,,,,,,,,,,,,,,,,,,,,,
ID,E,gtot,J,unc,tau,stcs:e/f,stcs:Grve,stcs:N,stcs:Isomer,stcs:v1,stcs:v2,stcs:l2,stcs:G,stcs:U,stcs:K,Auxiliary:SourceType,Auxiliary:Ecal,,,,,,,,,,,,,,,,,,
1,0,0,0,0,nan,e,A1',1,nan,0,0,0,0,m,0,Ma,0,,,,,,,,,,,,,,,,,,
ID,E,gtot,J,unc,tau,e/f,Grve,Symnum,Isomer,v1,v2,l2,G,U,K,SourceType,Ecal,,,,,,,,,,,,,,,,,,
H3+,1H2-2H_p,ST,https://doi.org/10.1093/mnras/stad050,0,"Probably better to use num rather than ""N""",,,,,,,,,,,,,,,,,,,,,,,,,,,,,,
ID,E,gtot,J,unc,tau,nltcs:+/-,nltcs:Grve,nltcs:N,nltcs:Isomer,nltcs:v1,nltcs:v2,nltcs:v3,nltcs:Ka,nltcs:Kc,Auxiliary:SourceType,Auxiliary:Ecal,,,,,,,,,,,,,,,,,,,
1,0,3,0,0,inf,+,A1,1,p,0,0,0,0,0,Ma,0,,,,,,,,,,,,,,,,,,,
ID,E,gtot,J,unc,tau,+/-,Grve,Symnum,Isomer,v1,v2,v3,Ka,Kc,SourceType,Ecal,,,,,,,,,,,,,,,,,,,
H3+,2H2-1H_p,MiZo,https://doi.org/10.1093/mnras/stad050,0,"Probably better to use num rather than ""N""",,,,,,,,,,,,,,,,,,,,,,,,,,,,,,
ID,E,gtot,J,unc,tau,nltcs:+/-,nltcs:Grve,nltcs:N,nltcs:Isomer,nltcs:v1,nltcs:v2,nltcs:v3,nltcs:Ka,nltcs:Kc,Auxiliary:SourceType,Auxiliary:Ecal,,,,,,,,,,,,,,,,,,,
1,0,12,0,0,inf,+,A1,1,o,0,0,0,0,0,Ma,0,,,,,,,,,,,,,,,,,,,
ID,E,gtot,J,unc,tau,+/-,Grve,Symnum,Isomer,v1,v2,v3,Ka,Kc,SourceType,Ecal,,,,,,,,,,,,,,,,,,,
H3+,2H3_p,MiZo,https://doi.org/10.1093/mnras/stad050,0,"Probably better to use num rather than ""N""",,,,,,,,,,,,,,,,,,,,,,,,,,,,,,
ID,E,gtot,J,unc,tau,stcs:e/f,stcs:Grve,stcs:N,stcs:Isomer,stcs:v1,stcs:v2,stcs:l2,stcs:G,stcs:U,stcs:K,Auxiliary:SourceType,Auxiliary:Ecal,,,,,,,,,,,,,,,,,,
1,0,10,0,0,inf,+,A1',1,o,0,0,0,0,m,0,EH,0,,,,,,,,,,,,,,,,,,
ID,E,gtot,J,unc,tau,e/f,Grve,Symnum,Isomer,v1,v2,l2,G,U,K,SourceType,Ecal,,,,,,,,,,,,,,,,,,
OH+,16O-1H_p,MoLLIST,10.3847/1538-4357/aa6bf5,4,Unsure about last col,,,,,,,,,,,,,,,,,,,,,,,,,,,,,,
StateID,E,g_tot,J,dcs:v,dcs:electronic_state,dcs:F,dcs:e/f,,,,,,,,,,,,,,,,,,,,,,,,,,,,
1,30.3251,2,0,X(3SIGMA-),0,1,F3e,,,,,,,,,,,,,,,,,,,,,,,,,,,,
ID,E,gtot,J,ElecState,v,F,e/f,,,,,,,,,,,,,,,,,,,,,,,,,,,,
H3O+,1H3-16O_p,eXeL,10.1093/mnras/staa2034,0,Extra Ecal col ,,,,,,,,,,,,,,,,,,,,,,,,,,,,,,
ID,E,gtot,J,unc,stcs:Gtot,stcs:n1,stcs:n2,stcs:n3,stcs:l3,stcs:n4,stcs:l4,TROVE:Gvib,stcs:K,stcs:Grot,TROVE:Coef,TROVE:v1,TROVE:v2,TROVE:v3,TROVE:v4,TROVE:v5,TROVE:v6,Auxiliary:Ecal,,,,,,,,,,,,,
1,0,0,0,0,A1',0,0,0,0,0,0,A1',0,A1',1,0,0,0,0,0,0,0,,,,,,,,,,,,,
ID,E,gtot,J,unc,Gtot,n1,n2,n3,l3,n4,l4,Gvib,K,Grot,Coef,v1,v2,v3,v4,v5,v6,,,,,,,,,,,,,,
CH+,12C-1H_p,PYT,10.1093/mnras/stad3909,0,,,,,,,,,,,,,,,,,,,,,,,,,,,,,,,
ID,E,gtot,J,unc,tau,hunda:+/-,hunda:e/f,hunda:ElecState,hunda:v,hunda:Lambda,hunda:Sigma,hunda:Omega,Auxiliary:SourceType,Auxiliary:Ecal,,,,,,,,,,,,,,,,,,,,,
1,0,2,0,0,inf,+,e,X(1SIGMA+),0,0,0,0,Ma,0,,,,,,,,,,,,,,,,,,,,,
ID,E,gtot,J,unc,tau,+/-,e/f,ElecState,v,Lambda,Sigma,Omega,SourceType,Ecal,,,,,,,,,,,,,,,,,,,,,
CH+,13C-1H_p,PYT,10.1093/mnras/stad3909,0,,,,,,,,,,,,,,,,,,,,,,,,,,,,,,,
ID,E,gtot,J,unc,tau,hunda:+/-,hunda:e/f,hunda:ElecState,hunda:v,hunda:Lambda,hunda:Sigma,hunda:Omega,Auxiliary:SourceType,Auxiliary:Ecal,,,,,,,,,,,,,,,,,,,,,
1,0,4,0,0,inf,+,e,X(1SIGMA+),0,0,0,0,Ca,0,,,,,,,,,,,,,,,,,,,,,
ID,E,gtot,J,unc,tau,+/-,e/f,ElecState,v,Lambda,Sigma,Omega,SourceType,Ecal,,,,,,,,,,,,,,,,,,,,,
CH4,12C-1H4,MM,10.1093/mnras/stae148,6,,,,,,,,,,,,,,,,,,,,,,,,,,,,,,,
ID,E,gtot,J,unc,tau,sphcs:Gtot,sphcs:n1,sphcs:n2,sphcs:L2,sphcs:n3,sphcs:L3,sphcs:M3,sphcs:n4,sphcs:L4,sphcs:M4,TROVE:Gvib,sphcs:n,TROVE:Grot,TROVE:ivib,TROVE:Coef,TROVE:v1,TROVE:v2,TROVE:v3,TROVE:v4,TROVE:v5,TROVE:v6,TROVE:v7,TROVE:v8,TROVE:v9,Auxiliary:SourceType,Auxiliary:Ecal,,,,
1,0,5,0,0.000001,Inf,A1,0,1,0,0,0,0,0,0,0,0,0,A1,0,A1,1,0.98,0,0,0,0,0,0,0,0,0,Ma,0,,
ID,E,gtot,J,unc,tau,Gtot,P,Pnum,n1,n2,l2,n3,l3,m3,n4,l4,m4,Gv,Rotnum,Gr,IDvib,Coef,v1,v2,v3,v4,v5,v6,v7,v8,v9,SourceType,Ecal,,
NH3,14N-1H3,CoYuTe,10.5281/zenodo.5716876,0,Maybe worth considering relabelling some of the columns?,,,,,,,,,,,,,,,,,,,,,,,,,,,,,,
ID,E,gtot,J,unc,stcs:+/-,stcs:Gtot,stcs:N,stcs:n1,stcs:n2,stcs:n3,stcs:n4,stcs:l3,stcs:l4,stcs:inv,stcs:Ja,stcs:K,stcs:Grot,TROVE:v1,TROVE:v2,TROVE:v3,TROVE:v4,TROVE:v5,TROVE:v6,TROVE:Gvib,Auxiliary:Ecal,,,,,,,,,,
1,0,0,0,0.000001,+,1,1,0,0,0,0,0,0,0,0,0,1,0,0,0,0,0,0,1,0,,,,,,,,,,
ID,E,gtot,J,+/-,Gtot,Symnum,n1,n2,n3,n4,l3,l4,invpar,J,K,rotpar,v1,v2,v3,v4,v5,v6,Gvib,Ecal,,,,,,,,,,,
NH3,15N-1H3,CoYuTe-15,10.1093/mnras/stae1849,0,,,,,,,,,,,,,,,,,,,,,,,,,,,,,,,
ID,E,gtot,J,unc,tau,stcs:Gtot,stcs:n1,stcs:n2,stcs:n3,stcs:l3,stcs:n4,stcs:l4,stcs:Gvib,stcs:K,stcs:Grot,TROVE:N(Block),TROVE:s/a,TROVE:Coef,TROVE:v1,TROVE:v2,TROVE:v3,TROVE:v4,TROVE:v5,TROVE:v6,Auxiliary:SourceType,Auxiliary:Ecal,,,,,,,,,
1,0,0,0,0.000001,NaN,A1',0,0,0,0,0,0,A1',0,A1',1,s,1,0,0,0,0,0,0,Ma,0,,,,,,,,,
ID,E,gtot,J,unc,tau,Gtot,n1,n2,n3,l3,n4,l4,Gvib,K,Grot,IDvib,s/a,|Coef|2,v1,v2,v3,v4,v5,v6,SourceType,Ecal,,,,,,,,,
HNO3,1H-14N-16O3,AIJS,10.5281/zenodo.5716872,6,replace n with v,,,,,,,,,,,,,,,,,,,,,,,,,,,,,,
StateID,E,g_tot,J,tau,"stcs:A'/A""",stcs:n1,stcs:n2,stcs:n3,stcs:n4,stcs:n5,stcs:n6,stcs:n7,stcs:n8,stcs:n9,,,,,,,,,,,,,,,,,,,,,
1,0,6,0,Inf,A',0,0,0,0,0,0,0,0,0,,,,,,,,,,,,,,,,,,,,,
ID,E,gtot,J,G,v1, v2,v3,v4,v5,v6,v7,v8,v9,,,,,,,,,,,,,,,,,,,,,,
H2O2,1H2-16O2,APTY,10.5281/zenodo.5716870,0,Maybe worth considering relabelling some of the columns?,,,,,,,,,,,,,,,,,,,,,,,,,,,,,,
StateID,E,g_tot,J,tau,TROVE:G,TROVE:v1,TROVE:v2,TROVE:v3,TROVE:v4,TROVE:v5,TROVE:v6,TROVE:tau,TROVE:Gv,TROVE:K,TROVE:Pr,TROVE:Gr,TROVE:N(Bl,TROVE:C2,TROVE:n1,TROVE:n2,TROVE:n3,TROVE:n4,TROVE:n6,TROVE:n6,,,,,,,,,,,
1,0,1,0,-1.00E+00,1,0,0,0,0,0,0,1,1,0,0,1,1,0.95,0,0,0,0,0,0,,,,,,,,,,,
ID,E,gtot,J,tau,Gtot,v1,v2,v3,v4,v5,v6,Gtor,Gvib,K,rotpar,Grot,IDblock,|Coef|2,n1,n2,n3,n4,n5,n6,,,,,,,,,,,
H2CO,1H2-12C-16O,AYTY,10.5281/zenodo.5716868,0,def looks consistent even tho paper says otherwise,,,,,,,,,,,,,,,,,,,,,,,,,,,,,,
ID,E,gtot,J,unc,tau,asymcs:Gtot,asymcs:v1,asymcs:v2,asymcs:v3,asymcs:v4,asymcs:v5,asymcs:v6,TROVE:Gvib,asymcs:Ka,asymcs:Kb,TROVE:Grot,TROVE:Coef,TROVE:n1,TROVE:n2,TROVE:n3,TROVE:n4,TROVE:n5,TROVE:n6,Auxiliary:SourceType,Auxiliary:Ecal,,,,,,,,,,
1,0,1,0,0,Infinity,A1,0,0,0,0,0,0,A1,0,0,A1,1,0,0,0,0,0,0,Ma,0,,,,,,,,,,
ID,E,gtot,J,Gtot,v1,v2,v3,v4,v5,v6,Gvib,K,Grot,IDblock,|Coef|2,n1,n2,n3,n4,n5,n6,,,,,,,,,,,,,,
SO3,32S-16O3,UYT2,10.5281/zenodo.5716884,6,n4 and l3 are switched in def (I cross checked more lines),,,,,,,,,,,,,,,,,,,,,,,,,,,,,,
StateID,E,g_tot,J,stcs:totalSym,stcs:K,stcs:rotSym,stcs:v1,stcs:v2,stcs:v3,stcs:v4,stcs:v5,stcs:v6,stcs:n1,stcs:n2,stcs:n3,stcs:n4,stcs:L3,stcs:L4,stcs:vibSym,,,,,,,,,,,,,,,,
1,0,1,0,1,0,1,0,0,0,0,0,0,0,0,0,0,0,0,1,,,,,,,,,,,,,,,,
ID,E,gtot,J,Gtot,K,Grot,v1,v2,v3,v4,v5,v6,n1,n2,n3,l3,n4,l4,Gvib,,,,,,,,,,,,,,,,
SiH4,28Si-1H4,OY2T,10.5281/zenodo.5716886,7,Paper is not consistent with states file; not sure how to verify,,,,,,,,,,,,,,,,,,,,,,,,,,,,,,
StateID,E,g_tot,J,sphcs:G,sphcs:n1,sphcs:n2,sphcs:L2,sphcs:n3,sphcs:L3,sphcs:M3,sphcs:n4,sphcs:L4,sphcs:M4,sphcs:Gv,sphcs:Ja,sphcs:K,sphcs:Pr,sphcs:Gr,sphcs:N(Bl),sphcs:C2,sphcs:v1,sphcs:v2,sphcs:v3,sphcs:v4,sphcs:v5,sphcs:v6,sphcs:v7,sphcs:v8,sphcs:v9,,,,,,
1,0,5,0,1,0,0,0,0,0,0,0,0,0,1,0,0,0,1,0,0.99,0,0,0,0,0,0,0,0,0,,,,,,
ID,E,gtot,J,Gtot,n1,n2,n3,n4,n5,n6,n7,n8,n9,Gvib,J,K,rotpar,Grot,|Coef|2,,,,,,,,,,,,,,,,
CH3F,12C-1H3-19F,OYKYT,10.5281/zenodo.5716860,4,Guessing this should be structured the same as the SiH4 file? Last 9 QNs seem to just repeat the ones in front,,,,,,,,,,,,,,,,,,,,,,,,,,,,,,
StateID,E,g_tot,J,stcs:totalSym,stcs:v1,stcs:v2,stcs:v3,stcs:v4,stcs:v5,stcs:v6,stcs:v7,stcs:v8,stcs:v9,stcs:VibSym,stcs:K,stcs:rotSym,stcs:Coeff,,,,,,,,,,,,,,,,,,
1,0,8,0,1,0,0,0,0,0,0,0,0,0,1,0,0,0,1,1,0.93,0,0,0,0,0,0,0,0,0,,,,,,
ID,E,gtot,J,Gtot,v1,v2,v3,v4,v5,v6,v7,v8,v9,Gvib,J,K,rotpar,Grot,numBlock,|Coef|2,v1,v2,v3,v4,v5,v6,v7,v8,v9,,,,,,
CH3Cl,12C-1H3-35Cl,OYT,10.5281/zenodo.5716852,6,,,,,,,,,,,,,,,,,,,,,,,,,,,,,,,
StateID,E,g_tot,J,stcs:totalSym,stcs:v1,stcs:v2,stcs:v3,stcs:v4,stcs:v5,stcs:v6,stcs:v7,stcs:v8,stcs:v9,stcs:VibSym,stcs:K,stcs:rotSym,stcs:Coeff,,,,,,,,,,,,,,,,,,
1,0,16,0,1,0,0,0,0,0,0,0,0,0,1,0,0,0,1,0.92,,,,,,,,,,,,,,,,
ID,E,gtot,J,Gtot,n1,n2,n3,n4,n5,n6,n7,n8,n9,Gvib,J,K,rotpar,Grot,|Coef|2,,,,,,,,,,,,,,,,
CH3Cl,12C-1H3-37Cl,OYT,10.5281/zenodo.5716856,6,,,,,,,,,,,,,,,,,,,,,,,,,,,,,,,
StateID,E,g_tot,J,stcs:totalSym,stcs:v1,stcs:v2,stcs:v3,stcs:v4,stcs:v5,stcs:v6,stcs:v7,stcs:v8,stcs:v9,stcs:VibSym,stcs:K,stcs:rotSym,stcs:Coeff,,,,,,,,,,,,,,,,,,
1,0,16,0,1,0,0,0,0,0,0,0,0,0,1,0,0,0,1,0.92,,,,,,,,,,,,,,,,
ID,E,gtot,J,Gtot,n1,n2,n3,n4,n5,n6,n7,n8,n9,Gvib,J,K,rotpar,Grot,|Coef|2,,,,,,,,,,,,,,,,
C2H4,12C2-1H4,MaYTY,10.5281/zenodo.5716846,6,Maybe last 12 cols are the 12 QNs computed with a different method?,,,,,,,,,,,,,,,,,,,,,,,,,,,,,,
StateID,E,g_tot,J,local:G,local:J,local:G,local:n1,local:n2,local:n3,local:n4,local:n5,local:n6,local:n7,local:n8,local:n9,local:n10,local:n11,local:n12,local:Gv,local:J,local:K,local:Pr,local:Gr,,,,,,,,,,,,
1,0,7,0,1,0,0,0,0,0,0,0,0,0,0,0,0,1,0,0,0,1,0,0.92,0,0,0,0,0,0,0,0,0,0,0,0
ID,E,gtot,J,Gtot,n1,n2,n3,n4,n5,n6,n7,n8,n9,n10,n11,n12,Gvib,J,K,rotpar,Grot,,,,,,,,,,,,,,
C2H2,12C2-1H2,aCeTY,10.5281/zenodo.5716842,0,looks consistent,,,,,,,,,,,,,,,,,,,,,,,,,,,,,,
ID,E,gtot,J,unc,stcs:Gtot,TROVE:n1,TROVE:n2,TROVE:n3,TROVE:n4,TROVE:n5,TROVE:n6,TROVE:n7,TROVE:Gvib,stcs:K,stcs:e/f,stcs:Grot,TROVE:Coef,Auxiliary:SourceType,Auxiliary:Ecal,,,,,,,,,,,,,,,,
1,0,1,0,0.0009,A1g,0,0,0,0,0,0,0,A1g,0,e,A1g,1,Ca,0,,,,,,,,,,,,,,,,
ID,E,gtot,J,unc,Gtot,n1,n2,n3,n4,n5,n6,n7,Gvib,K,rotpar,Grot,Ecal,,,,,,,,,,,,,,,,,,
AsH3,75As-1H3,CYT18,10.5281/zenodo.5716840,4,,,,,,,,,,,,,,,,,,,,,,,,,,,,,,,
StateID,E,g_tot,J,TROVE:Gamma,TROVE:v1,TROVE:v2,TROVE:v3,TROVE:v4,TROVE:v5,TROVE:v6,TROVE:Gvib,TROVE:J,TROVE:K,TROVE:tau(rot),TROVE:Grot,,,,,,,,,,,,,,,,,,,,
1,0,16,0,1,0,0,0,0,0,0,1,0,0,0,1,1,,,,,,,,,,,,,,,,,,,
ID,E,gtot,J,Gtot,v1,v2,v3,v4,v5,v6,Gvib,J,K,rotpar,Grot,|Coef|2,,,,,,,,,,,,,,,,,,,
PF3,31P-19F3,MCYTY,10.5281/zenodo.5716880,4,null = no idea,,,,,,,,,,,,,,,,,,,,,,,,,,,,,,
StateID,E,g_tot,J,local:G,local:J,local:G,local:n1,local:n2,local:n3,local:n4,local:n5,local:n6,local:Gv,local:J,local:K,local:Pr,local:Gr,,,,,,,,,,,,,,,,,,
1,0,8,0,1,0,0,0,0,0,0,1,0,0,0,1,0,1,0,0,0,0,0,0,,,,,,,,,,,,
ID,E,gtot,J,Gtot,n1,n2,n3,n4,n5,n6,Gvib,J,K,rotpar,Grot,null,|Coef|2,n1,n2,n3,n4,n5,n6,,,,,,,,,,,,
PH3,31P-1H3,SAlTY,10.5281/zenodo.5716882,5,Paper seems consistent except missing lifetime label,,,,,,,,,,,,,,,,,,,,,,,,,,,,,,
StateID,E,g_tot,J,tau,stcs:totalSym,stcs:K,stcs:rotSym,stcs:l,stcs:v1,stcs:v2,stcs:v3,stcs:v4,stcs:l3,stcs:l4,stcs:vibSym,,,,,,,,,,,,,,,,,,,,
1,0,8,0,Inf,1,0,1,0,0,0,0,0,0,0,1,1,0,0,0,0,0,0,,,,,,,,,,,,,
ID,E,gtot,J,Gtot,K,Grot,L,v1,v2,v3,v4,l3,l4,Gvib,|Coef|2,s1,s2,s3,b1,b2,b3,,,,,,,,,,,,,,
CH3,12C-1H3,AYYJ,10.5281/zenodo.5716848,6,Labels found in supp materials,,,,,,,,,,,,,,,,,,,,,,,,,,,,,,
StateID,E,g_tot,J,TROVE:+/-,TROVE:Gamma,TROVE:N(Block),TROVE:n1,TROVE:n2,TROVE:n3,TROVE:n4,TROVE:l3,TROVE:l4,TROVE:tau(inv),TROVE:J,TROVE:K,TROVE:tau(rot),TROVE:v1,TROVE:v2,TROVE:v3,TROVE:v4,TROVE:v5,TROVE:v6,TROVE:Gamma(vib),,,,,,,,,,,,
1,0,8,0,1,0,0,0,0,0,0,1,0,0,0,1,1,0,0,0,0,0,0,,,,,,,,,,,,,
ID,E,gtot,J,Gtot,n1,n2,n3,l3,n4,l4,Gvib,J,K,rotpar,Grot,|Coef|2,TROVE:n1,TROVE:n2,TROVE:n3,TROVE:n4,TROVE:n5,TROVE:n6,,,,,,,,,,,,,
cis-P2H2,cis-31P2-1H2,OY-Cis,10.5281/zenodo.5716888,4,null = no idea,,,,,,,,,,,,,,,,,,,,,,,,,,,,,,
StateID,E,g_tot,J,stcs:totalSym,stcs:K,stcs:rotSym,stcs:l,stcs:v1,stcs:v2,stcs:v3,stcs:v4,stcs:v5,stcs:v6,stcs:vibSym,,,,,,,,,,,,,,,,,,,,,
1,0,10,0,1,0,0,0,0,0,0,1,0,0,0,1,0,1,0,0,0,0,0,0,,,,,,,,,,,,
ID,E,gtot,J,Gtot,v1,v2,v3,v4,v5,v6,Grot,J,K,rotpar,Gvib,null,|Coef|2,n1,n2,n3,n4,n5,n6,,,,,,,,,,,,
trans-P2H2,trans-31P2-1H-2H,OY-Trans,10.5281/zenodo.5716892,4,null = no idea,,,,,,,,,,,,,,,,,,,,,,,,,,,,,,
StateID,E,g_tot,J,stcs:totalSym,stcs:K,stcs:rotSym,stcs:l,stcs:v1,stcs:v2,stcs:v3,stcs:v4,stcs:v5,stcs:v6,stcs:vibSym,,,,,,,,,,,,,,,,,,,,,
1,0,10,0,1,0,0,0,0,0,0,1,0,0,0,1,0,1,0,0,0,0,0,0,,,,,,,,,,,,
ID,E,gtot,J,Gtot,v1,v2,v3,v4,v5,v6,Grot,J,K,rotpar,Gvib,null,|Coef|2,n1,n2,n3,n4,n5,n6,,,,,,,,,,,,
trans-P2H2,trans-31P2-1H2,OY-Trans,10.5281/zenodo.5716892,4,null = no idea,,,,,,,,,,,,,,,,,,,,,,,,,,,,,,
StateID,E,g_tot,J,stcs:totalSym,stcs:K,stcs:rotSym,stcs:l,stcs:v1,stcs:v2,stcs:v3,stcs:v4,stcs:v5,stcs:v6,stcs:vibSym,,,,,,,,,,,,,,,,,,,,,
1,0,10,0,1,0,0,0,0,0,0,1,0,0,0,1,0,1,0,0,0,0,0,0,,,,,,,,,,,,
ID,E,gtot,J,Gtot,v1,v2,v3,v4,v5,v6,Grot,J,K,rotpar,Gvib,null,|Coef|2,n1,n2,n3,n4,n5,n6,,,,,,,,,,,,
H2CS,1H2-12C-32S,MOTY,10.1093/mnras/stad111,6,"states file not found on exomol website, states missing lifetimes",,,,,,,,,,,,,,,,,,,,,,,,,,,,,,
ID,E,gtot,J,unc,asymcs:Gtot,asymcs:v1,asymcs:v2,asymcs:v3,asymcs:v4,asymcs:v5,asymcs:v6,TROVE:Gvib,asymcs:Ja,asymcs:Ka,asymcs:Kc,TROVE:ivib,TROVE:Coef,TROVE:n1,TROVE:n2,TROVE:n3,TROVE:n4,TROVE:n5,TROVE:n6,Auxiliary:SourceType,Auxiliary:Ecal,,,,,,,,,,
1,0,1,0,0,A1,0,0,0,0,0,0,A1,0,0,0,1,1,0,0,0,0,0,0,Ca,0,,,,,,,,,,
ID,E,gtot,J,unc,tau,Gtot,v1,v2,v3,v4,v5,v6,Gvib,J,Ka,Kc,IDvib,|Coef|2,n1,n2,n3,n4,n5,n6,SourceType,Ecal,,,,,,,,,
PN,31P-14N,PaiN,10.1093/mnras/stae2610,0,,,,,,,,,,,,,,,,,,,,,,,,,,,,,,,
ID,E,gtot,J,unc,tau,gfactor,hunda:+/-,hunda:e/f,hunda:ElecState,hunda:v,hunda:Lambda,hunda:Sigma,hunda:Omega,Auxiliary:SourceType,Auxiliary:Ecal,,,,,,,,,,,,,,,,,,,,
1,0,6,0,0.000001,Inf,0,+,e,X1Sigma+,0,0,0,0,Ma,0,,,,,,,,,,,,,,,,,,,,
ID,E,gtot,J,unc,tau,gfactor,+/-,e/f,ElecState,v,Lambda,Sigma,Omega,SourceType,Ecal,,,,,,,,,,,,,,,,,,,,
PN,31P-15N,PaiN,10.1093/mnras/stae2610,0,,,,,,,,,,,,,,,,,,,,,,,,,,,,,,,
ID,E,gtot,J,unc,tau,gfactor,hunda:+/-,hunda:e/f,hunda:ElecState,hunda:v,hunda:Lambda,hunda:Sigma,hunda:Omega,Auxiliary:SourceType,Auxiliary:Ecal,,,,,,,,,,,,,,,,,,,,
1,0,4,0,0.000001,Inf,0,+,e,X1Sigma+,0,0,0,0,Ca,0,,,,,,,,,,,,,,,,,,,,
ID,E,gtot,J,unc,tau,gfactor,+/-,e/f,ElecState,v,Lambda,Sigma,Omega,SourceType,Ecal,,,,,,,,,,,,,,,,,,,,
KCl,39K-35Cl,Barton,10.5281/zenodo.5716977,0,,,,,,,,,,,,,,,,,,,,,,,,,,,,,,,
StateID,E,g_tot,J,tau,dcs:v,,,,,,,,,,,,,,,,,,,,,,,,,,,,,,
1,0,16,0,Inf,0,,,,,,,,,,,,,,,,,,,,,,,,,,,,,,
ID,E,gtot,J,v,,,,,,,,,,,,,,,,,,,,,,,,,,,,,,,
KCl,39K-37Cl,Barton,10.5281/zenodo.5716979,0,,,,,,,,,,,,,,,,,,,,,,,,,,,,,,,
StateID,E,g_tot,J,tau,dcs:v,,,,,,,,,,,,,,,,,,,,,,,,,,,,,,
1,0,16,0,Inf,0,,,,,,,,,,,,,,,,,,,,,,,,,,,,,,
ID,E,gtot,J,v,,,,,,,,,,,,,,,,,,,,,,,,,,,,,,,
KCl,41K-35Cl,Barton,10.5281/zenodo.5716981,0,,,,,,,,,,,,,,,,,,,,,,,,,,,,,,,
StateID,E,g_tot,J,tau,dcs:v,,,,,,,,,,,,,,,,,,,,,,,,,,,,,,
1,0,16,0,Inf,0,,,,,,,,,,,,,,,,,,,,,,,,,,,,,,
ID,E,gtot,J,v,,,,,,,,,,,,,,,,,,,,,,,,,,,,,,,
KCl,41K-37Cl,Barton,10.5281/zenodo.5716983,0,,,,,,,,,,,,,,,,,,,,,,,,,,,,,,,
StateID,E,g_tot,J,tau,dcs:v,,,,,,,,,,,,,,,,,,,,,,,,,,,,,,
1,0,16,0,Inf,0,,,,,,,,,,,,,,,,,,,,,,,,,,,,,,
ID,E,gtot,J,v,,,,,,,,,,,,,,,,,,,,,,,,,,,,,,,
NaCl,23Na-35Cl,Barton,10.5281/zenodo.5717023,0,,,,,,,,,,,,,,,,,,,,,,,,,,,,,,,
StateID,E,g_tot,J,tau,dcs:v,,,,,,,,,,,,,,,,,,,,,,,,,,,,,,
1,0,16,0,Inf,0,,,,,,,,,,,,,,,,,,,,,,,,,,,,,,
ID,E,gtot,J,v,,,,,,,,,,,,,,,,,,,,,,,,,,,,,,,
NaCl,23Na-37Cl,Barton,10.5281/zenodo.5717025,0,,,,,,,,,,,,,,,,,,,,,,,,,,,,,,,
StateID,E,g_tot,J,tau,dcs:v,,,,,,,,,,,,,,,,,,,,,,,,,,,,,,
1,0,16,0,Inf,0,,,,,,,,,,,,,,,,,,,,,,,,,,,,,,
ID,E,gtot,J,v,,,,,,,,,,,,,,,,,,,,,,,,,,,,,,,
LiCl,7Li-35Cl,MoLLIST,10.5281/zenodo.5716994,4,unsure about the lifetime col,,,,,,,,,,,,,,,,,,,,,,,,,,,,,,
StateID,E,g_tot,J,dcs:v,,,,,,,,,,,,,,,,,,,,,,,,,,,,,,,
1,0,16,0,-1.00E+00,0,,,,,,,,,,,,,,,,,,,,,,,,,,,,,,
ID,E,gtot,J,tau,v,,,,,,,,,,,,,,,,,,,,,,,,,,,,,,
LiCl,7Li-37Cl,MoLLIST,10.5281/zenodo.5716997,4,unsure about the lifetime col,,,,,,,,,,,,,,,,,,,,,,,,,,,,,,
StateID,E,g_tot,J,dcs:v,,,,,,,,,,,,,,,,,,,,,,,,,,,,,,,
1,0,16,0,-1.00E+00,0,,,,,,,,,,,,,,,,,,,,,,,,,,,,,,
ID,E,gtot,J,tau,v,,,,,,,,,,,,,,,,,,,,,,,,,,,,,,
LiCl,6Li-35Cl,MoLLIST,10.5281/zenodo.5716990,4,unsure about the lifetime col,,,,,,,,,,,,,,,,,,,,,,,,,,,,,,
StateID,E,g_tot,J,dcs:v,,,,,,,,,,,,,,,,,,,,,,,,,,,,,,,
1,0,12,0,-1.00E+00,0,,,,,,,,,,,,,,,,,,,,,,,,,,,,,,
ID,E,gtot,J,tau,v,,,,,,,,,,,,,,,,,,,,,,,,,,,,,,
LiCl,6Li-37Cl,MoLLIST,10.5281/zenodo.5716992,4,unsure about the lifetime col,,,,,,,,,,,,,,,,,,,,,,,,,,,,,,
StateID,E,g_tot,J,dcs:v,,,,,,,,,,,,,,,,,,,,,,,,,,,,,,,
1,0,12,0,-1.00E+00,0,,,,,,,,,,,,,,,,,,,,,,,,,,,,,,
ID,E,gtot,J,tau,v,,,,,,,,,,,,,,,,,,,,,,,,,,,,,,
CN,12C-14N,Trihybrid,10.5281/zenodo.5716934,0,Source Type column is notated differently,,,,,,,,,,,,,,,,,,,,,,,,,,,,,,
ID,E,gtot,J,unc,tau,gfactor,hunda:+/-,hunda:e/f,hunda:ElecState,hunda:v,hunda:Lambda,hunda:Sigma,hunda:Omega,Auxiliary:SourceType,Auxiliary:Ecal,,,,,,,,,,,,,,,,,,,,
1,0,6,0.5,0.001293,-1.00E+00,2.002305,+,e,X(2SIGMA+),0,0,0.5,0.5,M,0,,,,,,,,,,,,,,,,,,,,
ID,E,gtot,J,unc,tau,gfactor,+/-,e/f,ElecState,v,Lambda,Sigma,Omega,SourceType,Ecal,,,,,,,,,,,,,,,,,,,,
CN,12C-15N,Trihybrid,10.5281/zenodo.5716936,0,Source Type column is notated differently,,,,,,,,,,,,,,,,,,,,,,,,,,,,,,
StateID,E,g_tot,J,tau,gfactor,hunda:+/-,hunda:e/f,hunda:electronic_state,hunda:v,hunda:Lambda,hunda:Sigma,hunda:Omega,Ecal,,,,,,,,,,,,,,,,,,,,,,
1,0,4,0.5,-1.00E+00,2.002305,+,e,X(2SIGMA+),0,0,0.5,0.5,M,0,,,,,,,,,,,,,,,,,,,,,
ID,E,gtot,J,unc,tau,gfactor,+/-,e/f,ElecState,v,Lambda,Sigma,Omega,SourceType,Ecal,,,,,,,,,,,,,,,,,,,,
CN,13C-14N,Trihybrid,10.5281/zenodo.5716938,0,Source Type column is notated differently,,,,,,,,,,,,,,,,,,,,,,,,,,,,,,
StateID,E,g_tot,J,tau,gfactor,hunda:+/-,hunda:e/f,hunda:electronic_state,hunda:v,hunda:Lambda,hunda:Sigma,hunda:Omega,Ecal,,,,,,,,,,,,,,,,,,,,,,
1,0,12,0.5,-1.00E+00,2.002305,+,e,X(2SIGMA+),0,0,0.5,0.5,M,0,,,,,,,,,,,,,,,,,,,,,
ID,E,gtot,J,unc,tau,gfactor,+/-,e/f,ElecState,v,Lambda,Sigma,Omega,SourceType,Ecal,,,,,,,,,,,,,,,,,,,,
CN,13C-15N,Trihybrid,10.5281/zenodo.5716940,0,Source Type column is notated differently,,,,,,,,,,,,,,,,,,,,,,,,,,,,,,
StateID,E,g_tot,J,tau,gfactor,hunda:+/-,hunda:e/f,hunda:electronic_state,hunda:v,hunda:Lambda,hunda:Sigma,hunda:Omega,Ecal,,,,,,,,,,,,,,,,,,,,,,
1,0,8,0.5,-1.00E+00,2.002305,+,e,X(2SIGMA+),0,0,0.5,0.5,M,0,,,,,,,,,,,,,,,,,,,,,
ID,E,gtot,J,unc,tau,gfactor,+/-,e/f,ElecState,v,Lambda,Sigma,Omega,SourceType,Ecal,,,,,,,,,,,,,,,,,,,,
C2,12C2,8states,10.5281/zenodo.5716930,6,Unsure about the F1 column,,,,,,,,,,,,,,,,,,,,,,,,,,,,,,
ID,E,gtot,J,unc,tau,gfactor,hunda:+/-,hunda:e/f,hunda:ElecState,hunda:v,hunda:Lambda,hunda:Sigma,hunda:Omega,Auxiliary:Ecal,,,,,,,,,,,,,,,,,,,,,
1,0,1,0,0.009813,Inf,0,+,e,X(1SIGMA+g),0,0,0,0,F1,0,d,0,,,,,,,,,,,,,,,,,,
ID,E,gtot,J,tau,gfactor,+/-,e/f,ElecState,v,Lambda,Sigma,Omega,SourceType,,,,,,,,,,,,,,,,,,,,,,
C2,12C-13C,8states,10.5281/zenodo.5716928,6,,,,,,,,,,,,,,,,,,,,,,,,,,,,,,,
StateID,E,g_tot,J,hunda:+/-,hunda:e/f,hunda:electronic_state,hunda:v,hunda:Lambda,hunda:Sigma,hunda:Omega,Ecal,,,,,,,,,,,,,,,,,,,,,,,,
1,0,2,0,Inf,0,+,e,X(1SIGMA+g),0,0,0,0,i,0,,,,,,,,,,,,,,,,,,,,,
ID,E,gtot,J,tau,gfactor,+/-,e/f,ElecState,v,Lambda,Sigma,Omega,SourceType,,,,,,,,,,,,,,,,,,,,,,
C2,13C2,8states,10.5281/zenodo.5716932,6,,,,,,,,,,,,,,,,,,,,,,,,,,,,,,,
StateID,E,g_tot,J,hunda:+/-,hunda:e/f,hunda:electronic_state,hunda:v,hunda:Lambda,hunda:Sigma,hunda:Omega,Ecal,,,,,,,,,,,,,,,,,,,,,,,,
1,0,1,0,Inf,0,+,e,X(1SIGMA+g),0,0,0,0,i,0,,,,,,,,,,,,,,,,,,,,,
ID,E,gtot,J,tau,gfactor,+/-,e/f,ElecState,v,Lambda,Sigma,Omega,SourceType,,,,,,,,,,,,,,,,,,,,,,
H2,1H2,RACPPK,10.1051/0004-6361/201936249,4,,,,,,,,,,,,,,,,,,,,,,,,,,,,,,,
StateID,E,g_tot,J,hundb:V,,,,,,,,,,,,,,,,,,,,,,,,,,,,,,,
1,0,1,0,0,,,,,,,,,,,,,,,,,,,,,,,,,,,,,,,
ID,E,gtot,J,v,,,,,,,,,,,,,,,,,,,,,,,,,,,,,,,
H2,1H2,ARLR,10.1139/p94-112,4,"Cant access paper, def.json file error",,,,,,,,,,,,,,,,,,,,,,,,,,,,,,
ID,E,gtot,J,hundb:V,,,,,,,,,,,,,,,,,,,,,,,,,,,,,,,
1,0,1,0,X,0,,,,,,,,,,,,,,,,,,,,,,,,,,,,,,
ID,E,gtot,J,ElecState,v,,,,,,,,,,,,,,,,,,,,,,,,,,,,,,
H2,1H-2H,ADJSAAM,10.3847/1538-4357/ab1f65,2,,,,,,,,,,,,,,,,,,,,,,,,,,,,,,,
StateID,E,g_tot,J,dcs:v,,,,,,,,,,,,,,,,,,,,,,,,,,,,,,,
1,0,6,0,0,b,,,,,,,,,,,,,,,,,,,,,,,,,,,,,,
ID,E,gtot,J,v,b/qb,,,,,,,,,,,,,,,,,,,,,,,,,,,,,,
CS,12C-32S,JnK,10.5281/zenodo.5716944,0,,,,,,,,,,,,,,,,,,,,,,,,,,,,,,,
StateID,E,g_tot,J,tau,dcs:v,,,,,,,,,,,,,,,,,,,,,,,,,,,,,,
1,0,1,0,inf,0,,,,,,,,,,,,,,,,,,,,,,,,,,,,,,
ID,E,gtot,J,v,,,,,,,,,,,,,,,,,,,,,,,,,,,,,,,
CS,12C-34S,JnK,10.5281/zenodo.5716948,0,,,,,,,,,,,,,,,,,,,,,,,,,,,,,,,
StateID,E,g_tot,J,tau,dcs:v,,,,,,,,,,,,,,,,,,,,,,,,,,,,,,
1,0,1,0,inf,0,,,,,,,,,,,,,,,,,,,,,,,,,,,,,,
ID,E,gtot,J,v,,,,,,,,,,,,,,,,,,,,,,,,,,,,,,,
CS,13C-32S,JnK,10.5281/zenodo.5716952,0,,,,,,,,,,,,,,,,,,,,,,,,,,,,,,,
StateID,E,g_tot,J,tau,dcs:v,,,,,,,,,,,,,,,,,,,,,,,,,,,,,,
1,0,2,0,inf,0,,,,,,,,,,,,,,,,,,,,,,,,,,,,,,
ID,E,gtot,J,v,,,,,,,,,,,,,,,,,,,,,,,,,,,,,,,
CS,12C-33S,JnK,10.5281/zenodo.5716946,0,,,,,,,,,,,,,,,,,,,,,,,,,,,,,,,
StateID,E,g_tot,J,tau,dcs:v,,,,,,,,,,,,,,,,,,,,,,,,,,,,,,
1,0,4,0,inf,0,,,,,,,,,,,,,,,,,,,,,,,,,,,,,,
ID,E,gtot,J,v,,,,,,,,,,,,,,,,,,,,,,,,,,,,,,,
CS,12C-36S,JnK,10.5281/zenodo.5716950,0,,,,,,,,,,,,,,,,,,,,,,,,,,,,,,,
StateID,E,g_tot,J,tau,dcs:v,,,,,,,,,,,,,,,,,,,,,,,,,,,,,,
1,0,1,0,inf,0,,,,,,,,,,,,,,,,,,,,,,,,,,,,,,
ID,E,gtot,J,v,,,,,,,,,,,,,,,,,,,,,,,,,,,,,,,
CS,13C-33S,JnK,10.5281/zenodo.5716954,0,,,,,,,,,,,,,,,,,,,,,,,,,,,,,,,
StateID,E,g_tot,J,tau,dcs:v,,,,,,,,,,,,,,,,,,,,,,,,,,,,,,
1,0,8,0,inf,0,,,,,,,,,,,,,,,,,,,,,,,,,,,,,,
ID,E,gtot,J,v,,,,,,,,,,,,,,,,,,,,,,,,,,,,,,,
CS,13C-34S,JnK,10.5281/zenodo.5716956,0,,,,,,,,,,,,,,,,,,,,,,,,,,,,,,,
StateID,E,g_tot,J,tau,dcs:v,,,,,,,,,,,,,,,,,,,,,,,,,,,,,,
1,0,2,0,inf,0,,,,,,,,,,,,,,,,,,,,,,,,,,,,,,
ID,E,gtot,J,v,,,,,,,,,,,,,,,,,,,,,,,,,,,,,,,
CS,13C-36S,JnK,10.5281/zenodo.5716958,0,,,,,,,,,,,,,,,,,,,,,,,,,,,,,,,
StateID,E,g_tot,J,tau,dcs:v,,,,,,,,,,,,,,,,,,,,,,,,,,,,,,
1,0,2,0,Inf,0,,,,,,,,,,,,,,,,,,,,,,,,,,,,,,
ID,E,gtot,J,v,,,,,,,,,,,,,,,,,,,,,,,,,,,,,,,
CP,12C-31P,MoLLIST,10.5281/zenodo.5716942,0,Maybe worth considering relabelling some of the columns?,,,,,,,,,,,,,,,,,,,,,,,,,,,,,,
StateID,E,g_tot,J,hundb:electronic_state,hundb:v,hundb:F,hundb:kp,,,,,,,,,,,,,,,,,,,,,,,,,,,,
1,0,4,0.5,X(2SIGMA+),0,1,e,,,,,,,,,,,,,,,,,,,,,,,,,,,,
ID,E,gtot,J,ElecState,v,F,e/f,,,,,,,,,,,,,,,,,,,,,,,,,,,,
PS,31P-32S,POPS,10.5281/zenodo.5717035,0,,,,,,,,,,,,,,,,,,,,,,,,,,,,,,,
StateID,E,g_tot,J,tau,gfactor,hunda:+/-,hunda:e/f,hunda:electronic_state,hunda:v,hunda:Lambda,hunda:Sigma,hunda:Omega,,,,,,,,,,,,,,,,,,,,,,,
1,0,4,0.5,inf,-0.000767,+,e,X2Pi,0,1,-0.5,0.5,,,,,,,,,,,,,,,,,,,,,,,
ID,E,gtot,J,tau,gfactor,+/-,e/f,ElecState,v,Lambda,Sigma,Omega,,,,,,,,,,,,,,,,,,,,,,,
NS,14N-32S,SNaSH,10.5281/zenodo.5717011,0,,,,,,,,,,,,,,,,,,,,,,,,,,,,,,,
StateID,E,g_tot,J,tau,gfactor,hunda:+/-,hunda:e/f,hunda:electronic_state,hunda:v,hunda:Lambda,hunda:Sigma,hunda:Omega,,,,,,,,,,,,,,,,,,,,,,,
1,0,6,0.5,inf,-0.000767,+,e,X2Pi,0,1,-0.5,0.5,,,,,,,,,,,,,,,,,,,,,,,
ID,E,gtot,J,tau,gfactor,+/-,e/f,ElecState,v,Lambda,Sigma,Omega,,,,,,,,,,,,,,,,,,,,,,,
NS,15N-32S,SNaSH,10.5281/zenodo.5717021,0,,,,,,,,,,,,,,,,,,,,,,,,,,,,,,,
StateID,E,g_tot,J,tau,gfactor,hunda:+/-,hunda:e/f,hunda:electronic_state,hunda:v,hunda:Lambda,hunda:Sigma,hunda:Omega,,,,,,,,,,,,,,,,,,,,,,,
1,0,4,0.5,inf,-0.000767,+,e,X2Pi,0,1,-0.5,0.5,,,,,,,,,,,,,,,,,,,,,,,
ID,E,gtot,J,tau,gfactor,+/-,e/f,ElecState,v,Lambda,Sigma,Omega,,,,,,,,,,,,,,,,,,,,,,,
NS,14N-33S,SNaSH,10.5281/zenodo.5717015,0,,,,,,,,,,,,,,,,,,,,,,,,,,,,,,,
StateID,E,g_tot,J,tau,gfactor,hunda:+/-,hunda:e/f,hunda:electronic_state,hunda:v,hunda:Lambda,hunda:Sigma,hunda:Omega,,,,,,,,,,,,,,,,,,,,,,,
1,0,24,0.5,inf,-0.000767,+,e,X2Pi,0,1,-0.5,0.5,,,,,,,,,,,,,,,,,,,,,,,
ID,E,gtot,J,tau,gfactor,+/-,e/f,ElecState,v,Lambda,Sigma,Omega,,,,,,,,,,,,,,,,,,,,,,,
NS,14N-34S,SNaSH,10.5281/zenodo.5717017,0,,,,,,,,,,,,,,,,,,,,,,,,,,,,,,,
StateID,E,g_tot,J,tau,gfactor,hunda:+/-,hunda:e/f,hunda:electronic_state,hunda:v,hunda:Lambda,hunda:Sigma,hunda:Omega,,,,,,,,,,,,,,,,,,,,,,,
1,0,6,0.5,inf,-0.000767,+,e,X2Pi,0,1,-0.5,0.5,,,,,,,,,,,,,,,,,,,,,,,
ID,E,gtot,J,tau,gfactor,+/-,e/f,ElecState,v,Lambda,Sigma,Omega,,,,,,,,,,,,,,,,,,,,,,,
NS,14N-36S,SNaSH,10.5281/zenodo.5717019,0,,,,,,,,,,,,,,,,,,,,,,,,,,,,,,,
StateID,E,g_tot,J,tau,gfactor,hunda:+/-,hunda:e/f,hunda:electronic_state,hunda:v,hunda:Lambda,hunda:Sigma,hunda:Omega,,,,,,,,,,,,,,,,,,,,,,,
1,0,6,0.5,inf,-0.000767,+,e,X2Pi,0,1,-0.5,0.5,,,,,,,,,,,,,,,,,,,,,,,
ID,E,gtot,J,tau,gfactor,+/-,e/f,ElecState,v,Lambda,Sigma,Omega,,,,,,,,,,,,,,,,,,,,,,,
SiS,28Si-32S,UCTY,10.5281/zenodo.5717037,0,,,,,,,,,,,,,,,,,,,,,,,,,,,,,,,
StateID,E,g_tot,J,dcs:v,,,,,,,,,,,,,,,,,,,,,,,,,,,,,,,
1,0,1,0,0,,,,,,,,,,,,,,,,,,,,,,,,,,,,,,,
ID,E,gtot,J,v,,,,,,,,,,,,,,,,,,,,,,,,,,,,,,,
SiS,28Si-33S,UCTY,10.5281/zenodo.5717039,0,,,,,,,,,,,,,,,,,,,,,,,,,,,,,,,
StateID,E,g_tot,J,dcs:v,,,,,,,,,,,,,,,,,,,,,,,,,,,,,,,
1,0,4,0,0,,,,,,,,,,,,,,,,,,,,,,,,,,,,,,,
ID,E,gtot,J,v,,,,,,,,,,,,,,,,,,,,,,,,,,,,,,,
SiS,28Si-34S,UCTY,10.5281/zenodo.5717041,0,,,,,,,,,,,,,,,,,,,,,,,,,,,,,,,
StateID,E,g_tot,J,dcs:v,,,,,,,,,,,,,,,,,,,,,,,,,,,,,,,
1,0,1,0,0,,,,,,,,,,,,,,,,,,,,,,,,,,,,,,,
ID,E,gtot,J,v,,,,,,,,,,,,,,,,,,,,,,,,,,,,,,,
SiS,28Si-36S,UCTY,10.5281/zenodo.5717043,0,,,,,,,,,,,,,,,,,,,,,,,,,,,,,,,
StateID,E,g_tot,J,dcs:v,,,,,,,,,,,,,,,,,,,,,,,,,,,,,,,
1,0,1,0,0,,,,,,,,,,,,,,,,,,,,,,,,,,,,,,,
ID,E,gtot,J,v,,,,,,,,,,,,,,,,,,,,,,,,,,,,,,,
SiS,29Si-32S,UCTY,10.5281/zenodo.5717045,0,,,,,,,,,,,,,,,,,,,,,,,,,,,,,,,
StateID,E,g_tot,J,dcs:v,,,,,,,,,,,,,,,,,,,,,,,,,,,,,,,
1,0,2,0,0,,,,,,,,,,,,,,,,,,,,,,,,,,,,,,,
ID,E,gtot,J,v,,,,,,,,,,,,,,,,,,,,,,,,,,,,,,,
SiS,29Si-34S,UCTY,10.5281/zenodo.5717049,0,,,,,,,,,,,,,,,,,,,,,,,,,,,,,,,
StateID,E,g_tot,J,dcs:v,,,,,,,,,,,,,,,,,,,,,,,,,,,,,,,
1,0,2,0,0,,,,,,,,,,,,,,,,,,,,,,,,,,,,,,,
ID,E,gtot,J,v,,,,,,,,,,,,,,,,,,,,,,,,,,,,,,,
SiS,29Si-36S,UCTY,10.5281/zenodo.5717051,0,,,,,,,,,,,,,,,,,,,,,,,,,,,,,,,
StateID,E,g_tot,J,dcs:v,,,,,,,,,,,,,,,,,,,,,,,,,,,,,,,
1,0,2,0,0,,,,,,,,,,,,,,,,,,,,,,,,,,,,,,,
ID,E,gtot,J,v,,,,,,,,,,,,,,,,,,,,,,,,,,,,,,,
SiS,30Si-32S,UCTY,10.5281/zenodo.5717053,0,,,,,,,,,,,,,,,,,,,,,,,,,,,,,,,
StateID,E,g_tot,J,dcs:v,,,,,,,,,,,,,,,,,,,,,,,,,,,,,,,
1,0,1,0,0,,,,,,,,,,,,,,,,,,,,,,,,,,,,,,,
ID,E,gtot,J,v,,,,,,,,,,,,,,,,,,,,,,,,,,,,,,,
SiS,30Si-33S,UCTY,10.5281/zenodo.5717055,0,,,,,,,,,,,,,,,,,,,,,,,,,,,,,,,
StateID,E,g_tot,J,dcs:v,,,,,,,,,,,,,,,,,,,,,,,,,,,,,,,
1,0,4,0,0,,,,,,,,,,,,,,,,,,,,,,,,,,,,,,,
ID,E,gtot,J,v,,,,,,,,,,,,,,,,,,,,,,,,,,,,,,,
SiS,30Si-34S,UCTY,10.5281/zenodo.5717057,0,,,,,,,,,,,,,,,,,,,,,,,,,,,,,,,
StateID,E,g_tot,J,dcs:v,,,,,,,,,,,,,,,,,,,,,,,,,,,,,,,
1,0,1,0,0,,,,,,,,,,,,,,,,,,,,,,,,,,,,,,,
ID,E,gtot,J,v,,,,,,,,,,,,,,,,,,,,,,,,,,,,,,,
SiS,30Si-36S,UCTY,10.5281/zenodo.5717059,0,,,,,,,,,,,,,,,,,,,,,,,,,,,,,,,
StateID,E,g_tot,J,dcs:v,,,,,,,,,,,,,,,,,,,,,,,,,,,,,,,
1,0,1,0,0,,,,,,,,,,,,,,,,,,,,,,,,,,,,,,,
ID,E,gtot,J,v,,,,,,,,,,,,,,,,,,,,,,,,,,,,,,,
SiS,29Si-33S,UCTY,10.5281/zenodo.5717047,0,,,,,,,,,,,,,,,,,,,,,,,,,,,,,,,
StateID,E,g_tot,J,dcs:v,,,,,,,,,,,,,,,,,,,,,,,,,,,,,,,
1,0,8,0,0,,,,,,,,,,,,,,,,,,,,,,,,,,,,,,,
ID,E,gtot,J,v,,,,,,,,,,,,,,,,,,,,,,,,,,,,,,,
NaF,23Na-19F,MoLLIST,10.5281/zenodo.5717027,4,,,,,,,,,,,,,,,,,,,,,,,,,,,,,,,
StateID,E,g_tot,J,dcs:v,,,,,,,,,,,,,,,,,,,,,,,,,,,,,,,
1,0,8,0,-1.00E+00,0,,,,,,,,,,,,,,,,,,,,,,,,,,,,,,
ID,E,gtot,J,tau,v,,,,,,,,,,,,,,,,,,,,,,,,,,,,,,
AlCl,27Al-35Cl,YNAT,10.1093/mnras/stac3757,0,,,,,,,,,,,,,,,,,,,,,,,,,,,,,,,
ID,E,gtot,J,unc,hunda:+/-,hunda:e/f,hunda:ElecState,hunda:v,hunda:Lambda,hunda:Sigma,hunda:Omega,,,,,,,,,,,,,,,,,,,,,,,,
1,0,24,0,0,+,e,X(1SIGMA+),0,0,0,0,,,,,,,,,,,,,,,,,,,,,,,,
ID,E,gtot,J,unc,+/-,e/f,ElecState,v,Lambda,Sigma,Omega,,,,,,,,,,,,,,,,,,,,,,,,
AlCl,27Al-37Cl,YNAT,10.1093/mnras/stac3757,0,,,,,,,,,,,,,,,,,,,,,,,,,,,,,,,
ID,E,gtot,J,unc,hunda:+/-,hunda:e/f,hunda:ElecState,hunda:v,hunda:Lambda,hunda:Sigma,hunda:Omega,,,,,,,,,,,,,,,,,,,,,,,,
1,0,24,0,0,+,e,X(1SIGMA+),0,0,0,0,,,,,,,,,,,,,,,,,,,,,,,,
ID,E,gtot,J,unc,+/-,e/f,ElecState,v,Lambda,Sigma,Omega,,,,,,,,,,,,,,,,,,,,,,,,
AlF,27Al-19F,MoLLIST,10.5281/zenodo.5716926,4,,,,,,,,,,,,,,,,,,,,,,,,,,,,,,,
StateID,E,g_tot,J,dcs:v,,,,,,,,,,,,,,,,,,,,,,,,,,,,,,,
1,0,12,0,-1.00E+00,0,,,,,,,,,,,,,,,,,,,,,,,,,,,,,,
ID,E,gtot,J,tau,v,,,,,,,,,,,,,,,,,,,,,,,,,,,,,,
KF,39K-19F,MoLLIST,10.5281/zenodo.5716985,4,,,,,,,,,,,,,,,,,,,,,,,,,,,,,,,
StateID,E,g_tot,J,dcs:v,,,,,,,,,,,,,,,,,,,,,,,,,,,,,,,
1,0,8,0,-1.00E+00,0,,,,,,,,,,,,,,,,,,,,,,,,,,,,,,
ID,E,gtot,J,tau,v,,,,,,,,,,,,,,,,,,,,,,,,,,,,,,
KF,41K-19F,MoLLIST,10.5281/zenodo.5716988,4,,,,,,,,,,,,,,,,,,,,,,,,,,,,,,,
StateID,E,g_tot,J,dcs:v,,,,,,,,,,,,,,,,,,,,,,,,,,,,,,,
1,0,8,0,-1.00E+00,0,,,,,,,,,,,,,,,,,,,,,,,,,,,,,,
ID,E,gtot,J,tau,v,,,,,,,,,,,,,,,,,,,,,,,,,,,,,,
LiF,7Li-19F,MoLLIST,10.5281/zenodo.5717001,4,,,,,,,,,,,,,,,,,,,,,,,,,,,,,,,
StateID,E,g_tot,J,dcs:v,,,,,,,,,,,,,,,,,,,,,,,,,,,,,,,
1,0,8,0,-1.00E+00,0,,,,,,,,,,,,,,,,,,,,,,,,,,,,,,
ID,E,gtot,J,tau,v,,,,,,,,,,,,,,,,,,,,,,,,,,,,,,
LiF,6Li-19F,MoLLIST,10.5281/zenodo.5716999,4,,,,,,,,,,,,,,,,,,,,,,,,,,,,,,,
StateID,E,g_tot,J,dcs:v,,,,,,,,,,,,,,,,,,,,,,,,,,,,,,,
1,0,6,0,-1.00E+00,0,,,,,,,,,,,,,,,,,,,,,,,,,,,,,,
ID,E,gtot,J,tau,v,,,,,,,,,,,,,,,,,,,,,,,,,,,,,,
CaF,40Ca-19F,MoLLIST,10.5281/zenodo.5716960,4,,,,,,,,,,,,,,,,,,,,,,,,,,,,,,,
StateID,E,g_tot,J,dcs:v,,,,,,,,,,,,,,,,,,,,,,,,,,,,,,,
1,0,2,0,-1.00E+00,0,,,,,,,,,,,,,,,,,,,,,,,,,,,,,,
ID,E,gtot,J,tau,v,,,,,,,,,,,,,,,,,,,,,,,,,,,,,,
CaF,40Ca-19F,MoLLIST-CaF-ABX,None,8,Def file not accessible,,,,,,,,,,,,,,,,,,,,,,,,,,,,,,
[Errno 2] No such file or directory: 'database_files\\CaF\\40Ca-19F__MoLLIST-CaF-ABX.def.json',,,,,,,,,,,,,,,,,,,,,,,,,,,,,,,,,,,
1,0,4,0.5,0,NaN,e,X,0,0,F1,,,,,,,,,,,,,,,,,,,,,,,,,
,,,,,,,,,,,,,,,,,,,,,,,,,,,,,,,,,,,
CaF,42Ca-19F,MoLLIST,10.5281/zenodo.5716963,4,,,,,,,,,,,,,,,,,,,,,,,,,,,,,,,
StateID,E,g_tot,J,dcs:v,,,,,,,,,,,,,,,,,,,,,,,,,,,,,,,
1,0,2,0,-1.00E+00,0,,,,,,,,,,,,,,,,,,,,,,,,,,,,,,
ID,E,gtot,J,tau,v,,,,,,,,,,,,,,,,,,,,,,,,,,,,,,
CaF,43Ca-19F,MoLLIST,10.5281/zenodo.5716965,4,,,,,,,,,,,,,,,,,,,,,,,,,,,,,,,
StateID,E,g_tot,J,dcs:v,,,,,,,,,,,,,,,,,,,,,,,,,,,,,,,
1,0,16,0,-1.00E+00,0,,,,,,,,,,,,,,,,,,,,,,,,,,,,,,
ID,E,gtot,J,tau,v,,,,,,,,,,,,,,,,,,,,,,,,,,,,,,
CaF,44Ca-19F,MoLLIST,10.5281/zenodo.5716967,4,,,,,,,,,,,,,,,,,,,,,,,,,,,,,,,
StateID,E,g_tot,J,dcs:v,,,,,,,,,,,,,,,,,,,,,,,,,,,,,,,
1,0,2,0,-1.00E+00,0,,,,,,,,,,,,,,,,,,,,,,,,,,,,,,
ID,E,gtot,J,tau,v,,,,,,,,,,,,,,,,,,,,,,,,,,,,,,
CaF,46Ca-19F,MoLLIST,10.5281/zenodo.5716969,4,,,,,,,,,,,,,,,,,,,,,,,,,,,,,,,
StateID,E,g_tot,J,dcs:v,,,,,,,,,,,,,,,,,,,,,,,,,,,,,,,
1,0,2,0,-1.00E+00,0,,,,,,,,,,,,,,,,,,,,,,,,,,,,,,
ID,E,gtot,J,tau,v,,,,,,,,,,,,,,,,,,,,,,,,,,,,,,
CaF,48Ca-19F,MoLLIST,10.5281/zenodo.5716971,4,,,,,,,,,,,,,,,,,,,,,,,,,,,,,,,
StateID,E,g_tot,J,dcs:v,,,,,,,,,,,,,,,,,,,,,,,,,,,,,,,
1,0,2,0,-1.00E+00,0,,,,,,,,,,,,,,,,,,,,,,,,,,,,,,
ID,E,gtot,J,tau,v,,,,,,,,,,,,,,,,,,,,,,,,,,,,,,
MgF,24Mg-19F,MoLLIST,10.5281/zenodo.5717003,4,,,,,,,,,,,,,,,,,,,,,,,,,,,,,,,
StateID,E,g_tot,J,dcs:v,,,,,,,,,,,,,,,,,,,,,,,,,,,,,,,
1,0,2,0,-1.00E+00,0,,,,,,,,,,,,,,,,,,,,,,,,,,,,,,
ID,E,gtot,J,tau,v,,,,,,,,,,,,,,,,,,,,,,,,,,,,,,
MgF,25Mg-19F,MoLLIST,10.5281/zenodo.5717005,4,,,,,,,,,,,,,,,,,,,,,,,,,,,,,,,
StateID,E,g_tot,J,dcs:v,,,,,,,,,,,,,,,,,,,,,,,,,,,,,,,
1,0,12,0,-1.00E+00,0,,,,,,,,,,,,,,,,,,,,,,,,,,,,,,
ID,E,gtot,J,tau,v,,,,,,,,,,,,,,,,,,,,,,,,,,,,,,
MgF,26Mg-19F,MoLLIST,10.5281/zenodo.5717007,4,,,,,,,,,,,,,,,,,,,,,,,,,,,,,,,
StateID,E,g_tot,J,dcs:v,,,,,,,,,,,,,,,,,,,,,,,,,,,,,,,
1,0,2,0,-1.00E+00,0,,,,,,,,,,,,,,,,,,,,,,,,,,,,,,
ID,E,gtot,J,tau,v,,,,,,,,,,,,,,,,,,,,,,,,,,,,,,
N2,14N2,WCCRMT,10.5281/zenodo.5717009,0,"Looks consistent, paper looks like it is for a different dataset",,,,,,,,,,,,,,,,,,,,,,,,,,,,,,
ID,E,gtot,J,unc,hunda:+/-,hunda:e/f,hunda:g/u,hunda:ElecState,hunda:v,hunda:F,hunda:N,,,,,,,,,,,,,,,,,,,,,,,,
1,59266.25292,6,0,1.21E-05,+,e,g,B3Pig,0,F1,1,,,,,,,,,,,,,,,,,,,,,,,,
ID,E,gtot,J,+/-,e/f,g/u,ElecState,spin,,,,,,,,,,,,,,,,,,,,,,,,,,,
SiN,28Si-14N,SiNfull,10.1093/mnras/stac2004,0,,,,,,,,,,,,,,,,,,,,,,,,,,,,,,,
ID,E,gtot,J,unc,tau,gfactor,dcs:+/-,dcs:e/f,dcs:ElecState,dcs:v,dcs:Lambda,dcs:Sigma,dcs:Omega,Auxiliary:SourceType,Auxiliary:Ecal,,,,,,,,,,,,,,,,,,,,
1,0,6,0.5,0,NaN,2.00215,+,e,X(2SIGMA+),0,0,0.5,0.5,Ma,0,,,,,,,,,,,,,,,,,,,,
ID,E,gtot,J,unc,tau,gfactor,+/-,e/f,ElecState,v,Lambda,Sigma,Omega,SourceType,Ecal,,,,,,,,,,,,,,,,,,,,
SiN,28Si-15N,SiNfull,10.1093/mnras/stac2004,0,,,,,,,,,,,,,,,,,,,,,,,,,,,,,,,
ID,E,gtot,J,unc,tau,gfactor,dcs:+/-,dcs:e/f,dcs:ElecState,dcs:v,dcs:Lambda,dcs:Sigma,dcs:Omega,,,,,,,,,,,,,,,,,,,,,,
1,0,6,0.5,0.00075,NaN,2.002151,+,e,X(2SIGMA+),0,0,0.5,0.5,,,,,,,,,,,,,,,,,,,,,,
ID,E,gtot,J,unc,tau,gfactor,+/-,e/f,ElecState,v,Lambda,Sigma,Omega,,,,,,,,,,,,,,,,,,,,,,
SiN,29Si-14N,SiNfull,10.1093/mnras/stac2004,0,,,,,,,,,,,,,,,,,,,,,,,,,,,,,,,
ID,E,gtot,J,unc,tau,gfactor,dcs:+/-,dcs:e/f,dcs:ElecState,dcs:v,dcs:Lambda,dcs:Sigma,dcs:Omega,,,,,,,,,,,,,,,,,,,,,,
1,0,6,0.5,0.00075,NaN,2.00215,+,e,X(2SIGMA+),0,0,0.5,0.5,,,,,,,,,,,,,,,,,,,,,,
ID,E,gtot,J,unc,tau,gfactor,+/-,e/f,ElecState,v,Lambda,Sigma,Omega,,,,,,,,,,,,,,,,,,,,,,
SiN,30Si-14N,SiNfull,10.1093/mnras/stac2004,0,,,,,,,,,,,,,,,,,,,,,,,,,,,,,,,
ID,E,gtot,J,unc,tau,gfactor,dcs:+/-,dcs:e/f,dcs:ElecState,dcs:v,dcs:Lambda,dcs:Sigma,dcs:Omega,,,,,,,,,,,,,,,,,,,,,,
1,0,6,0.5,0.00075,NaN,2.002151,+,e,X(2SIGMA+),0,0,0.5,0.5,,,,,,,,,,,,,,,,,,,,,,
ID,E,gtot,J,unc,tau,gfactor,+/-,e/f,ElecState,v,Lambda,Sigma,Omega,,,,,,,,,,,,,,,,,,,,,,
CaCl,40Ca-35Cl,MoLLIST-CaCl,10.3847/1538-4357/ad499e,4,Looks consistent,,,,,,,,,,,,,,,,,,,,,,,,,,,,,,
ID,E,gtot,J,unc,dcs:+/-,dcs:e/f,dcs:ElecState,dcs:v,dcs:Omega,dcs:F,dcs:N,,,,,,,,,,,,,,,,,,,,,,,,
1,0,2,0.5,NaN,+,e,X(2SIGMA+),0,0.5,F1,0,,,,,,,,,,,,,,,,,,,,,,,,
ID,E,gtot,J,tau,+/-,e/f,ElecState,v,Omega,F,N,,,,,,,,,,,,,,,,,,,,,,,,
CaCl,40Ca-37Cl,MoLLIST-CaCl,10.3847/1538-4357/ad499e,4,Looks consistent,,,,,,,,,,,,,,,,,,,,,,,,,,,,,,
ID,E,gtot,J,unc,dcs:+/-,dcs:e/f,dcs:ElecState,dcs:v,dcs:Omega,dcs:F,dcs:N,,,,,,,,,,,,,,,,,,,,,,,,
1,0,2,0.5,NaN,+,e,X(2SIGMA+),0,0.5,F1,0,,,,,,,,,,,,,,,,,,,,,,,,
ID,E,gtot,J,tau,+/-,e/f,ElecState,v,Omega,F,N,,,,,,,,,,,,,,,,,,,,,,,,
H2O,1H2-16O,POKAZATEL,10.1093/mnras/sty1877,0,"Looks consistent, aux cols switched",,,,,,,,,,,,,,,,,,,,,,,,,,,,,,
ID,E,gtot,J,unc,nltcs:Ka,nltcs:Kc,nltcs:v1,nltcs:v2,nltcs:v3,nltcs:Grve,Auxiliary:Ecal,Auxiliary:SourceType,,,,,,,,,,,,,,,,,,,,,,,
1,0,1,0,0,0,0,0,0,0,A1,0,Ma,,,,,,,,,,,,,,,,,,,,,,,
ID,E,gtot,J,Ka,Kc,v1,v2,v3,G,,,,,,,,,,,,,,,,,,,,,,,,,,
H2O,1H2-16O,POKAZATEL,10.1093/mnras/sty1877,0,"Looks consistent, aux cols switched",,,,,,,,,,,,,,,,,,,,,,,,,,,,,,
ID,E,gtot,J,unc,nltcs:Ka,nltcs:Kc,nltcs:v1,nltcs:v2,nltcs:v3,nltcs:Grve,Auxiliary:Ecal,Auxiliary:SourceType,,,,,,,,,,,,,,,,,,,,,,,
1,0,1,0,0,0,0,0,0,A1,,,,,,,,,,,,,,,,,,,,,,,,,,
ID,E,gtot,J,Ka,Kc,v1,v2,v3,G,,,,,,,,,,,,,,,,,,,,,,,,,,
H2O,1H2-18O,HotWat78,10.5281/zenodo.5716822,6,Last col should be Ecal,,,,,,,,,,,,,,,,,,,,,,,,,,,,,,
StateID,E,g_tot,J,nltcs:+/-,nltcs:Gamma,nltcs:N,nltcs:nucspin,nltcs:Gamma_rve,nltcs:v1,nltcs:v2,nltcs:v3,nltcs:Ka,nltcs:Kc,,,,,,,,,,,,,,,,,,,,,,
1,0,1,0,0,0,0,0,0,A1,0,,,,,,,,,,,,,,,,,,,,,,,,,
ID,E,gtot,J,Ka,Kc,v1,v2,v3,G,,,,,,,,,,,,,,,,,,,,,,,,,,
H2O,1H2-17O,HotWat78,10.5281/zenodo.5716820,6,Last col should be Ecal,,,,,,,,,,,,,,,,,,,,,,,,,,,,,,
StateID,E,g_tot,J,nltcs:+/-,nltcs:Gamma,nltcs:N,nltcs:nucspin,nltcs:Gamma_rve,nltcs:v1,nltcs:v2,nltcs:v3,nltcs:Ka,nltcs:Kc,,,,,,,,,,,,,,,,,,,,,,
1,0,6,0,0,0,0,0,0,A1,0,,,,,,,,,,,,,,,,,,,,,,,,,
ID,E,gtot,J,Ka,Kc,v1,v2,v3,G,,,,,,,,,,,,,,,,,,,,,,,,,,
H2O,1H-2H-16O,VTT,10.5281/zenodo.5716812,0,Maybe worth considering relabelling some of the cols,,,,,,,,,,,,,,,,,,,,,,,,,,,,,,
StateID,E,g_tot,J,nltcs:+/-,nltcs:Gamma,nltcs:N,nltcs:Gamma_rve,nltcs:v1,nltcs:v2,nltcs:v3,nltcs:Ka,nltcs:Kc,,,,,,,,,,,,,,,,,,,,,,,
1,0,6,0,+,0,1,A',0,0,0,0,0,,,,,,,,,,,,,,,,,,,,,,,
ID,E,gtot,J,+/-,G,num,Grve,v1,v2,v3,Ka,Kc,,,,,,,,,,,,,,,,,,,,,,,
CO2,12C-16O2,UCL-4000,10.5281/zenodo.5716786,0,Looks good,,,,,,,,,,,,,,,,,,,,,,,,,,,,,,
ID,E,gtot,J,unc,nltcs:Gtot,nltcs:e/f,nltcs:n1,nltcs:n2,nltcs:l2,nltcs:n3,TROVE:Coef,HITRAN:m1,HITRAN:m2,HITRAN:m3,HITRAN:m4,HITRAN:m5,TROVE:v1,TROVE:v2,TROVE:v3,Auxiliary:SourceType,Auxiliary:Ecal,,,,,,,,,,,,,,
1,0,1,0,0.005,A1,e,0,0,0,0,1,0,0,0,0,1,0,0,0,HI,0,,,,,,,,,,,,,,
ID,E,gtot,J,unc,Gtot,e/f,n1,n2,l2,n3,Coef,m1,m2,m3,m4,r,v1,v2,v3,,,,,,,,,,,,,,,,
CO2,13C-16O2,Zak,10.5281/zenodo.5716792,-1,,,,,,,,,,,,,,,,,,,,,,,,,,,,,,,
StateID,E,g_tot,J,unc,,,,,,,,,,,,,,,,,,,,,,,,,,,,,,,
Invalid data stream,,,,,,,,,,,,,,,,,,,,,,,,,,,,,,,,,,,
,,,,,,,,,,,,,,,,,,,,,,,,,,,,,,,,,,,
CO2,16O-12C-18O,Zak,10.5281/zenodo.5716802,-1,,,,,,,,,,,,,,,,,,,,,,,,,,,,,,,
StateID,E,g_tot,J,unc,,,,,,,,,,,,,,,,,,,,,,,,,,,,,,,
Invalid data stream,,,,,,,,,,,,,,,,,,,,,,,,,,,,,,,,,,,
,,,,,,,,,,,,,,,,,,,,,,,,,,,,,,,,,,,
CO2,16O-12C-17O,Zak,10.5281/zenodo.5716800,-1,,,,,,,,,,,,,,,,,,,,,,,,,,,,,,,
StateID,E,g_tot,J,unc,,,,,,,,,,,,,,,,,,,,,,,,,,,,,,,
Invalid data stream,,,,,,,,,,,,,,,,,,,,,,,,,,,,,,,,,,,
,,,,,,,,,,,,,,,,,,,,,,,,,,,,,,,,,,,
CO2,16O-13C-18O,Zak,10.5281/zenodo.5716806,-1,,,,,,,,,,,,,,,,,,,,,,,,,,,,,,,
StateID,E,g_tot,J,unc,,,,,,,,,,,,,,,,,,,,,,,,,,,,,,,
Invalid data stream,,,,,,,,,,,,,,,,,,,,,,,,,,,,,,,,,,,
,,,,,,,,,,,,,,,,,,,,,,,,,,,,,,,,,,,
CO2,16O-13C-17O,Zak,10.5281/zenodo.5716804,-1,,,,,,,,,,,,,,,,,,,,,,,,,,,,,,,
StateID,E,g_tot,J,unc,,,,,,,,,,,,,,,,,,,,,,,,,,,,,,,
Invalid data stream,,,,,,,,,,,,,,,,,,,,,,,,,,,,,,,,,,,
,,,,,,,,,,,,,,,,,,,,,,,,,,,,,,,,,,,
CO2,12C-18O2,Zak,10.5281/zenodo.5716790,-1,,,,,,,,,,,,,,,,,,,,,,,,,,,,,,,
StateID,E,g_tot,J,unc,,,,,,,,,,,,,,,,,,,,,,,,,,,,,,,
Invalid data stream,,,,,,,,,,,,,,,,,,,,,,,,,,,,,,,,,,,
,,,,,,,,,,,,,,,,,,,,,,,,,,,,,,,,,,,
CO2,17O-12C-18O,Zak,10.5281/zenodo.5716808,-1,,,,,,,,,,,,,,,,,,,,,,,,,,,,,,,
StateID,E,g_tot,J,unc,,,,,,,,,,,,,,,,,,,,,,,,,,,,,,,
Invalid data stream,,,,,,,,,,,,,,,,,,,,,,,,,,,,,,,,,,,
,,,,,,,,,,,,,,,,,,,,,,,,,,,,,,,,,,,
CO2,13C-18O2,Zak,10.5281/zenodo.5716796,-1,,,,,,,,,,,,,,,,,,,,,,,,,,,,,,,
StateID,E,g_tot,J,unc,,,,,,,,,,,,,,,,,,,,,,,,,,,,,,,
Invalid data stream,,,,,,,,,,,,,,,,,,,,,,,,,,,,,,,,,,,
,,,,,,,,,,,,,,,,,,,,,,,,,,,,,,,,,,,
CO2,12C-17O2,Zak,10.5281/zenodo.5716788,-1,,,,,,,,,,,,,,,,,,,,,,,,,,,,,,,
StateID,E,g_tot,J,unc,,,,,,,,,,,,,,,,,,,,,,,,,,,,,,,
Invalid data stream,,,,,,,,,,,,,,,,,,,,,,,,,,,,,,,,,,,
,,,,,,,,,,,,,,,,,,,,,,,,,,,,,,,,,,,
CO2,13C-17O2,Zak,10.5281/zenodo.5716794,-1,,,,,,,,,,,,,,,,,,,,,,,,,,,,,,,
StateID,E,g_tot,J,unc,,,,,,,,,,,,,,,,,,,,,,,,,,,,,,,
Invalid data stream,,,,,,,,,,,,,,,,,,,,,,,,,,,,,,,,,,,
,,,,,,,,,,,,,,,,,,,,,,,,,,,,,,,,,,,
CO2,14C-16O2,Zak,10.5281/zenodo.5716798,-1,,,,,,,,,,,,,,,,,,,,,,,,,,,,,,,
StateID,E,g_tot,J,unc,,,,,,,,,,,,,,,,,,,,,,,,,,,,,,,
Invalid data stream,,,,,,,,,,,,,,,,,,,,,,,,,,,,,,,,,,,
,,,,,,,,,,,,,,,,,,,,,,,,,,,,,,,,,,,
CO2,17O-13C-18O,Zak,10.5281/zenodo.5716810,-1,,,,,,,,,,,,,,,,,,,,,,,,,,,,,,,
StateID,E,g_tot,J,unc,,,,,,,,,,,,,,,,,,,,,,,,,,,,,,,
Invalid data stream,,,,,,,,,,,,,,,,,,,,,,,,,,,,,,,,,,,
,,,,,,,,,,,,,,,,,,,,,,,,,,,,,,,,,,,
SO2,32S-16O2,ExoAmes,10.5281/zenodo.5716834,6,v comes before K,,,,,,,,,,,,,,,,,,,,,,,,,,,,,,
ID,E,gtot,J,unc,tau,nltcs:+/-,nltcs:Ka,nltcs:Kc,nltcs:v1,nltcs:v2,nltcs:v3,Auxiliary:Ecal,Auxiliary:SourceType,,,,,,,,,,,,,,,,,,,,,,
1,0,1,0,0.000001,INF,+,0,0,0,0,0,0,Ma,,,,,,,,,,,,,,,,,,,,,,
ID,E,gtot,J,+/-,v1,v2,v3,Ka,Kc,,,,,,,,,,,,,,,,,,,,,,,,,,
HCN,1H-12C-14N,Harris,10.5281/zenodo.5716828,1,Referenced readme instead of actual paper ,,,,,,,,,,,,,,,,,,,,,,,,,,,,,,
StateID,E,g_tot,J,ltcs:+/-,ltcs:kp,ltcs:iso,ltcs:v1,ltcs:v2,ltcs:l2,ltcs:v3,,,,,,,,,,,,,,,,,,,,,,,,,
1,0,6,0,NaN,+,e,0,0,0,0,0,,,,,,,,,,,,,,,,,,,,,,,,
D,E,gtot,J,+/-,e/f,iso,v1,v2,l2,v3,,,,,,,,,,,,,,,,,,,,,,,,,
N2O,14N2-16O,TYM,10.1093/mnras/stae2201,2,3rd last col is some sort of counting number,,,,,,,,,,,,,,,,,,,,,,,,,,,,,,
ID,E,gtot,J,unc,tau,nltcs:Gtot,nltcs:n1,nltcs:n2lin,nltcs:l2,nltcs:n3,nltcs:P,nltcs:N,TROVE:v1,TROVE:v2,TROVE:v3,Auxiliary:SourceType,Auxiliary:Ecal,,,,,,,,,,,,,,,,,,
1,0,9,0,0.000001,Inf,A',0,0,0,0,0,1,0,0,0,1,Ma,0,,,,,,,,,,,,,,,,,
ID,E,gtot,J,unc,tau,Gtot,n1,n2,L,n3,P,Pnum,v1,v2,v3,SourceType,Ecal,,,,,,,,,,,,,,,,,,
N2O,14N-15N-16O,TYM,None,8,Only iso that is missing lifetimes,,,,,,,,,,,,,,,,,,,,,,,,,,,,,,
[Errno 2] No such file or directory: 'database_files\\N2O\\14N-15N-16O__TYM.def.json',,,,,,,,,,,,,,,,,,,,,,,,,,,,,,,,,,,
1,0,6,0,0,A',0,0,1,0,0,0,1,,,,,,,,,,,,,,,,,,,,,,,
ID,E,gtot,J,unc,tau,Gtot,P,L,Pnum,v1,v2,v3,,,,,,,,,,,,,,,,,,,,,,,
N2O,15N-14N-16O,TYM,None,8,Final col not sure,,,,,,,,,,,,,,,,,,,,,,,,,,,,,,
[Errno 2] No such file or directory: 'database_files\\N2O\\15N-14N-16O__TYM.def.json',,,,,,,,,,,,,,,,,,,,,,,,,,,,,,,,,,,
1,0,6,0,0,Inf,A',0,0,1,0,0,0,1,,,,,,,,,,,,,,,,,,,,,,
ID,E,gtot,J,unc,tau,Gtot,P,L,Pnum,v1,v2,v3,,,,,,,,,,,,,,,,,,,,,,,
N2O,14N2-18O,TYM,None,8,Final col not sure,,,,,,,,,,,,,,,,,,,,,,,,,,,,,,
[Errno 2] No such file or directory: 'database_files\\N2O\\14N2-18O__TYM.def.json',,,,,,,,,,,,,,,,,,,,,,,,,,,,,,,,,,,
1,0,9,0,0,Inf,A',0,0,1,0,0,0,1,,,,,,,,,,,,,,,,,,,,,,
ID,E,gtot,J,unc,tau,Gtot,P,L,Pnum,v1,v2,v3,,,,,,,,,,,,,,,,,,,,,,,
N2O,14N2-17O,TYM,None,8,Final col not sure,,,,,,,,,,,,,,,,,,,,,,,,,,,,,,
[Errno 2] No such file or directory: 'database_files\\N2O\\14N2-17O__TYM.def.json',,,,,,,,,,,,,,,,,,,,,,,,,,,,,,,,,,,
1,0,54,0,0,Inf,A',0,0,1,0,0,0,1,,,,,,,,,,,,,,,,,,,,,,
ID,E,gtot,J,unc,tau,Gtot,P,L,Pnum,v1,v2,v3,,,,,,,,,,,,,,,,,,,,,,,
H2S,1H2-32S,AYT2,10.5281/zenodo.5716826,0,Looks consistent,,,,,,,,,,,,,,,,,,,,,,,,,,,,,,
ID,E,gtot,J,unc,tau,nltcs:Grve,nltcs:Ka,nltcs:Kc,nltcs:v1,nltcs:v2,nltcs:v3,Auxiliary:SourceType,Auxiliary:Ecal,,,,,,,,,,,,,,,,,,,,,,
1,0,1,0,0.000001,0.00E+00,A1,0,0,0,0,0,Ma,0,,,,,,,,,,,,,,,,,,,,,,
ID,E,gtot,J,tau,Grve,Ka,Kc,v1,v2,v3,SourceType,Ecal,,,,,,,,,,,,,,,,,,,,,,,
C3,12C3,AtLast,10.1093/mnras/stae2425,0,,,,,,,,,,,,,,,,,,,,,,,,,,,,,,,
ID,E,gtot,J,unc,tau,nltcs:Gtot,nltcs:v1,nltcs:v2,nltcs:l2,nltcs:v3,nltcs:Gvib,nltcs:Coef,nltcs:n1,nltcs:n2,nltcs:n3,Auxiliary:SourceType,Auxiliary:Ecal,,,,,,,,,,,,,,,,,,
1,0,1,0,0.000001,NaN,A1,0,0,0,0,A1,1,0,0,0,Ma,0,,,,,,,,,,,,,,,,,,
ID,E,gtot,J,unc,tau,Gtot,v1,v2,l2,v3,Gvib,Coef,n1,n2,n3,SourceType,Ecal,,,,,,,,,,,,,,,,,,
C3,12C-12C-13C,AtLast,10.1093/mnras/stae2425,0,,,,,,,,,,,,,,,,,,,,,,,,,,,,,,,
ID,E,gtot,J,unc,tau,nltcs:Gtot,nltcs:v1,nltcs:v2,nltcs:l2,nltcs:v3,nltcs:Gvib,nltcs:Coef,nltcs:n1,nltcs:n2,nltcs:n3,Auxiliary:SourceType,Auxiliary:Ecal,,,,,,,,,,,,,,,,,,
1,0,2,0,0.000001,Inf,A',0,0,0,0,A',1,0,0,0,Ma,0,,,,,,,,,,,,,,,,,,
ID,E,gtot,J,unc,tau,Gtot,v1,v2,l2,v3,Gvib,Coef,n1,n2,n3,SourceType,Ecal,,,,,,,,,,,,,,,,,,
C3,12C-13C-12C,AtLast,10.1093/mnras/stae2425,0,,,,,,,,,,,,,,,,,,,,,,,,,,,,,,,
ID,E,gtot,J,unc,tau,nltcs:Gtot,nltcs:v1,nltcs:v2,nltcs:l2,nltcs:v3,nltcs:Gvib,nltcs:Coef,nltcs:n1,nltcs:n2,nltcs:n3,Auxiliary:SourceType,Auxiliary:Ecal,,,,,,,,,,,,,,,,,,
1,0,2,0,0.000001,A1,0,0,0,0,A1,1,0,0,0,Ma,0,,,,,,,,,,,,,,,,,,,
ID,E,gtot,J,unc,tau,Gtot,v1,v2,l2,v3,Gvib,Coef,n1,n2,n3,SourceType,Ecal,,,,,,,,,,,,,,,,,,
OCS,16O-12C-32S,OYT8,10.1093/mnras/stae1110,0,Aux cols switched,,,,,,,,,,,,,,,,,,,,,,,,,,,,,,
ID,E,gtot,J,unc,nltcs:Gtot,nltcs:v1,nltcs:v2,nltcs:L2,nltcs:v3,nltcs:e/f,nltcs:Gvib,nltcs:Grot,nltcs:Coef,nltcs:n1,nltcs:n2,nltcs:n3,Auxiliary:Ecal,Auxiliary:SourceType,,,,,,,,,,,,,,,,,
1,0,1,0,0.000001,A',0,0,0,0,e,A',A',1,0,0,0,0,Ma,,,,,,,,,,,,,,,,,
ID,E,gtot,J,unc,Gtot,v1,v2,l2,v3,e/f,Gvib,Grot,Coef,n1,n2,n3,Ecal,SourceType,,,,,,,,,,,,,,,,,
CaOH,40Ca-16O-1H,OYT6,10.1093/mnras/stac2462,0,,,,,,,,,,,,,,,,,,,,,,,,,,,,,,,
ID,E,gtot,J,unc,hunda:+/-,hunda:e/f,hunda:N,hunda:ElecState,hunda:L,hunda:v1,hunda:v2,hunda:l2,hunda:v3,hunda:Omega,hunda:F1/F2/F3,Auxiliary:Ecal,Auxiliary:SourceType,,,,,,,,,,,,,,,,,,
1,0.667513,4,0.5,0.000058,-,f,1,X(2SIGMA+),0,0,0,0,0,0.5,F2,0.668704,Ma,,,,,,,,,,,,,,,,,,
ID,E,gtot,J,unc,+/-,e/f,N,ElecState,L,v1,v2,l2,v3,Omega,F,Ecal,SourceType,,,,,,,,,,,,,,,,,,
KOH,39K-16O-1H,OYT4,10.5281/zenodo.5716830,6,Paper seems consistent with def file but not states,,,,,,,,,,,,,,,,,,,,,,,,,,,,,,
StateID,E,g_tot,J,unc,ltcs:Gamma,ltcs:v1,ltcs:v2lin,ltcs:L,ltcs:v3,ltcs:Coef,ltcs:n1,ltcs:n2,ltcs:n3,,,,,,,,,,,,,,,,,,,,,,
1,0,8,0,A',0,0,0,A',0,0,0,A',1,0,0,0,,,,,,,,,,,,,,,,,,,
ID,E,gtot,J,unc,Gtot,v1,v2lin,L,v3,Coef,n1,n2,n3,,,,,,,,,,,,,,,,,,,,,,
NaOH,23Na-16O-1H,OYT5,10.5281/zenodo.5716832,0,,,,,,,,,,,,,,,,,,,,,,,,,,,,,,,
ID,E,gtot,J,unc,ltcs:Gtot,ltcs:v1,ltcs:v2lin,ltcs:L,ltcs:v3,TROVE:Coef,TROVE:n1,TROVE:n2,TROVE:n3,,,,,,,,,,,,,,,,,,,,,,
1,0,8,0,2,A',0,0,0,0,1,0,0,0,,,,,,,,,,,,,,,,,,,,,,
ID,E,gtot,J,unc,Gtot,v1,v2lin,L,v3,Coef,n1,n2,n3,,,,,,,,,,,,,,,,,,,,,,
SiH2,28Si-1H2,CATS,10.5281/zenodo.5716836,0,,,,,,,,,,,,,,,,,,,,,,,,,,,,,,,
StateID,E,g_tot,J,tau,nltcs:Gamma,nltcs:v1,nltcs:v2,nltcs:v3,nltcs:Gamma_vib,nltcs:Ka,nltcs:Kc,nltcs:Coef,nltcs:n1,nltcs:n2,nltcs:n3,,,,,,,,,,,,,,,,,,,,
1,0,1,0,A1,0,0,0,A1,0,0,A1,1,0,0,0,,,,,,,,,,,,,,,,,,,,
ID,E,gtot,J,Gtot,v1,v2,v3,Gvib,Ka,Kc,Grot,Coef,n1,n2,n3,,,,,,,,,,,,,,,,,,,,
SiO2,28Si-16O2,OYT3,10.5281/zenodo.5716838,1,,,,,,,,,,,,,,,,,,,,,,,,,,,,,,,
StateID,E,g_tot,J,nltcs:Gamma,nltcs:e/f,nltcs:v1,nltcs:v2,nltcs:l2,nltcs:v3,nltcs:Coef,nltcs:n1,nltcs:n2,nltcs:n3,nltcs:Gamma_vib,nltcs:Ka,nltcs:Gamma_rot,,,,,,,,,,,,,,,,,,,
1,0,1,0,0,A1,e,0,0,0,0,1,0,0,0,A1,0,A1,,,,,,,,,,,,,,,,,,
ID,E,gtot,J,unc,Gtot,e/f,v1,v2,l2,v3,Coef,n1,n2,n3,Gvib,K,Grot,,,,,,,,,,,,,,,,,,
LiOH,7Li-16O-1H,OYT7,10.1093/mnras/stad3226,0,,,,,,,,,,,,,,,,,,,,,,,,,,,,,,,
ID,E,gtot,J,unc,hunda:+/-,hunda:e/f,hunda:ElecState,hunda:v1,hunda:v2,hunda:l2,hunda:v3,,,,,,,,,,,,,,,,,,,,,,,,
1,0,8,0,0,+,e,X(1SIGMA+),0,0,0,0,,,,,,,,,,,,,,,,,,,,,,,,
ID,E,gtot,J,unc,+/-,e/f,ElecState,v1,v2,L2,v3,,,,,,,,,,,,,,,,,,,,,,,,
LiOH,6Li-16O-1H,OYT7,10.1093/mnras/stad3226,2,No idea last col,,,,,,,,,,,,,,,,,,,,,,,,,,,,,,
ID,E,gtot,J,unc,hunda:+/-,hunda:e/f,hunda:ElecState,hunda:v1,hunda:v2,hunda:l2,hunda:v3,,,,,,,,,,,,,,,,,,,,,,,,
1,0,6,0,0,+,e,X(1SIGMA+),0,0,0,0,0,,,,,,,,,,,,,,,,,,,,,,,
ID,E,gtot,J,unc,+/-,e/f,ElecState,v1,v2,L2,v3,,,,,,,,,,,,,,,,,,,,,,,,
HBO,1H-11B-16O,LQL,10.1039/D3CP05997A,6,"n4 col looks more like a counting number, otherwise consistent",,,,,,,,,,,,,,,,,,,,,,,,,,,,,,
ID,E,gtot,J,unc,nltcs:Gtot,nltcs:v1,nltcs:v2lin,nltcs:v3,nltcs:L,TROVE:Coef,TROVE:n1,TROVE:n2,TROVE:n3,TROVE:n4,,,,,,,,,,,,,,,,,,,,,
1,0,8,0,0,A',0,0,0,0,1,0,0,0,1,,,,,,,,,,,,,,,,,,,,,
ID,E,gtot,J,Gtot,v1,v2lin,v3,L,Coef,n1,n2,n3,,,,,,,,,,,,,,,,,,,,,,,
HBO,1H-10B-16O,LQL,10.1039/D3CP05997A,6,"n4 col looks more like a counting number, otherwise consistent",,,,,,,,,,,,,,,,,,,,,,,,,,,,,,
ID,E,gtot,J,unc,nltcs:Gtot,nltcs:v1,nltcs:v2lin,nltcs:v3,nltcs:L,TROVE:Coef,TROVE:n1,TROVE:n2,TROVE:n3,TROVE:n4,Auxiliary:SourceType,Auxiliary:Ecal,,,,,,,,,,,,,,,,,,,
1,0,14,0,0,A',0,0,0,0,1,0,0,0,1,Ca,0,,,,,,,,,,,,,,,,,,,
ID,E,gtot,J,Gtot,v1,v2lin,v3,L,Coef,n1,n2,n3,,,,,,,,,,,,,,,,,,,,,,,
